PRAGMA foreign_keys=OFF;
BEGIN TRANSACTION;
CREATE TABLE "monster_monster_attacken" ("id" integer NOT NULL PRIMARY KEY AUTOINCREMENT, "monster_id" integer NOT NULL REFERENCES "monster_monster" ("id") DEFERRABLE INITIALLY DEFERRED, "attacke_id" integer NOT NULL REFERENCES "monster_attacke" ("id") DEFERRABLE INITIALLY DEFERRED);
INSERT INTO "monster_monster_attacken" VALUES(1,1,1);
INSERT INTO "monster_monster_attacken" VALUES(2,1,2);
INSERT INTO "monster_monster_attacken" VALUES(3,1,3);
INSERT INTO "monster_monster_attacken" VALUES(4,1,4);
INSERT INTO "monster_monster_attacken" VALUES(5,2,5);
INSERT INTO "monster_monster_attacken" VALUES(6,2,6);
INSERT INTO "monster_monster_attacken" VALUES(7,2,7);
INSERT INTO "monster_monster_attacken" VALUES(11,4,11);
INSERT INTO "monster_monster_attacken" VALUES(12,4,12);
INSERT INTO "monster_monster_attacken" VALUES(13,4,13);
INSERT INTO "monster_monster_attacken" VALUES(14,5,14);
INSERT INTO "monster_monster_attacken" VALUES(15,5,15);
INSERT INTO "monster_monster_attacken" VALUES(16,5,16);
INSERT INTO "monster_monster_attacken" VALUES(17,6,14);
INSERT INTO "monster_monster_attacken" VALUES(18,6,17);
INSERT INTO "monster_monster_attacken" VALUES(19,6,18);
INSERT INTO "monster_monster_attacken" VALUES(20,6,19);
INSERT INTO "monster_monster_attacken" VALUES(21,7,20);
INSERT INTO "monster_monster_attacken" VALUES(22,7,21);
INSERT INTO "monster_monster_attacken" VALUES(23,7,16);
INSERT INTO "monster_monster_attacken" VALUES(24,8,22);
INSERT INTO "monster_monster_attacken" VALUES(25,8,7);
INSERT INTO "monster_monster_attacken" VALUES(26,8,23);
INSERT INTO "monster_monster_attacken" VALUES(27,9,24);
INSERT INTO "monster_monster_attacken" VALUES(28,9,7);
INSERT INTO "monster_monster_attacken" VALUES(29,9,25);
INSERT INTO "monster_monster_attacken" VALUES(30,10,26);
INSERT INTO "monster_monster_attacken" VALUES(31,10,27);
INSERT INTO "monster_monster_attacken" VALUES(32,10,7);
INSERT INTO "monster_monster_attacken" VALUES(33,10,13);
INSERT INTO "monster_monster_attacken" VALUES(34,11,20);
INSERT INTO "monster_monster_attacken" VALUES(35,11,28);
INSERT INTO "monster_monster_attacken" VALUES(36,11,29);
INSERT INTO "monster_monster_attacken" VALUES(37,12,3);
INSERT INTO "monster_monster_attacken" VALUES(38,12,30);
INSERT INTO "monster_monster_attacken" VALUES(39,12,31);
INSERT INTO "monster_monster_attacken" VALUES(40,12,32);
INSERT INTO "monster_monster_attacken" VALUES(41,13,33);
INSERT INTO "monster_monster_attacken" VALUES(42,13,34);
INSERT INTO "monster_monster_attacken" VALUES(43,13,35);
INSERT INTO "monster_monster_attacken" VALUES(44,13,36);
INSERT INTO "monster_monster_attacken" VALUES(45,14,37);
INSERT INTO "monster_monster_attacken" VALUES(46,14,38);
INSERT INTO "monster_monster_attacken" VALUES(47,15,31);
INSERT INTO "monster_monster_attacken" VALUES(48,15,39);
INSERT INTO "monster_monster_attacken" VALUES(49,15,40);
INSERT INTO "monster_monster_attacken" VALUES(50,16,7);
INSERT INTO "monster_monster_attacken" VALUES(51,16,40);
INSERT INTO "monster_monster_attacken" VALUES(52,4,7);
INSERT INTO "monster_monster_attacken" VALUES(53,4,41);
INSERT INTO "monster_monster_attacken" VALUES(54,17,10);
INSERT INTO "monster_monster_attacken" VALUES(55,17,37);
INSERT INTO "monster_monster_attacken" VALUES(56,17,6);
INSERT INTO "monster_monster_attacken" VALUES(57,18,42);
INSERT INTO "monster_monster_attacken" VALUES(58,18,43);
INSERT INTO "monster_monster_attacken" VALUES(59,18,44);
INSERT INTO "monster_monster_attacken" VALUES(60,19,36);
INSERT INTO "monster_monster_attacken" VALUES(61,19,45);
INSERT INTO "monster_monster_attacken" VALUES(62,19,8);
INSERT INTO "monster_monster_attacken" VALUES(63,19,46);
INSERT INTO "monster_monster_attacken" VALUES(64,20,36);
INSERT INTO "monster_monster_attacken" VALUES(65,20,47);
INSERT INTO "monster_monster_attacken" VALUES(66,20,39);
INSERT INTO "monster_monster_attacken" VALUES(67,20,45);
INSERT INTO "monster_monster_attacken" VALUES(68,3,11);
INSERT INTO "monster_monster_attacken" VALUES(69,3,48);
INSERT INTO "monster_monster_attacken" VALUES(70,3,7);
INSERT INTO "monster_monster_attacken" VALUES(71,3,41);
INSERT INTO "monster_monster_attacken" VALUES(72,21,49);
INSERT INTO "monster_monster_attacken" VALUES(73,21,50);
INSERT INTO "monster_monster_attacken" VALUES(74,21,39);
INSERT INTO "monster_monster_attacken" VALUES(75,22,43);
INSERT INTO "monster_monster_attacken" VALUES(76,22,37);
INSERT INTO "monster_monster_attacken" VALUES(77,22,38);
INSERT INTO "monster_monster_attacken" VALUES(78,22,51);
INSERT INTO "monster_monster_attacken" VALUES(79,23,52);
INSERT INTO "monster_monster_attacken" VALUES(80,23,53);
INSERT INTO "monster_monster_attacken" VALUES(81,23,54);
INSERT INTO "monster_monster_attacken" VALUES(82,24,6);
INSERT INTO "monster_monster_attacken" VALUES(83,24,46);
INSERT INTO "monster_monster_attacken" VALUES(84,24,31);
INSERT INTO "monster_monster_attacken" VALUES(85,24,55);
INSERT INTO "monster_monster_attacken" VALUES(86,25,7);
INSERT INTO "monster_monster_attacken" VALUES(87,25,46);
INSERT INTO "monster_monster_attacken" VALUES(88,25,29);
INSERT INTO "monster_monster_attacken" VALUES(89,25,56);
INSERT INTO "monster_monster_attacken" VALUES(90,26,57);
INSERT INTO "monster_monster_attacken" VALUES(91,26,58);
INSERT INTO "monster_monster_attacken" VALUES(92,26,59);
INSERT INTO "monster_monster_attacken" VALUES(93,27,34);
INSERT INTO "monster_monster_attacken" VALUES(94,27,57);
INSERT INTO "monster_monster_attacken" VALUES(95,27,58);
INSERT INTO "monster_monster_attacken" VALUES(96,28,37);
INSERT INTO "monster_monster_attacken" VALUES(97,28,51);
INSERT INTO "monster_monster_attacken" VALUES(98,29,7);
INSERT INTO "monster_monster_attacken" VALUES(99,29,39);
INSERT INTO "monster_monster_attacken" VALUES(100,29,4);
INSERT INTO "monster_monster_attacken" VALUES(101,30,24);
INSERT INTO "monster_monster_attacken" VALUES(102,30,7);
INSERT INTO "monster_monster_attacken" VALUES(103,30,60);
INSERT INTO "monster_monster_attacken" VALUES(104,30,25);
INSERT INTO "monster_monster_attacken" VALUES(105,31,61);
INSERT INTO "monster_monster_attacken" VALUES(106,31,39);
INSERT INTO "monster_monster_attacken" VALUES(107,31,62);
INSERT INTO "monster_monster_attacken" VALUES(108,32,7);
INSERT INTO "monster_monster_attacken" VALUES(109,32,16);
INSERT INTO "monster_monster_attacken" VALUES(110,32,52);
INSERT INTO "monster_monster_attacken" VALUES(111,33,4);
INSERT INTO "monster_monster_attacken" VALUES(112,33,27);
INSERT INTO "monster_monster_attacken" VALUES(113,33,42);
INSERT INTO "monster_monster_attacken" VALUES(114,33,22);
INSERT INTO "monster_monster_attacken" VALUES(115,34,56);
INSERT INTO "monster_monster_attacken" VALUES(116,34,46);
INSERT INTO "monster_monster_attacken" VALUES(117,34,59);
INSERT INTO "monster_monster_attacken" VALUES(118,34,30);
INSERT INTO "monster_monster_attacken" VALUES(119,35,30);
INSERT INTO "monster_monster_attacken" VALUES(120,35,25);
INSERT INTO "monster_monster_attacken" VALUES(121,35,32);
INSERT INTO "monster_monster_attacken" VALUES(122,35,15);
INSERT INTO "monster_monster_attacken" VALUES(123,35,54);
INSERT INTO "monster_monster_attacken" VALUES(124,35,46);
INSERT INTO "monster_monster_attacken" VALUES(125,36,63);
INSERT INTO "monster_monster_attacken" VALUES(126,36,64);
INSERT INTO "monster_monster_attacken" VALUES(127,36,65);
INSERT INTO "monster_monster_attacken" VALUES(128,37,66);
INSERT INTO "monster_monster_attacken" VALUES(129,37,4);
INSERT INTO "monster_monster_attacken" VALUES(130,37,67);
INSERT INTO "monster_monster_attacken" VALUES(131,38,68);
INSERT INTO "monster_monster_attacken" VALUES(132,38,39);
INSERT INTO "monster_monster_attacken" VALUES(133,38,22);
INSERT INTO "monster_monster_attacken" VALUES(134,39,63);
INSERT INTO "monster_monster_attacken" VALUES(135,39,39);
INSERT INTO "monster_monster_attacken" VALUES(136,39,4);
INSERT INTO "monster_monster_attacken" VALUES(137,40,57);
INSERT INTO "monster_monster_attacken" VALUES(138,40,31);
INSERT INTO "monster_monster_attacken" VALUES(139,40,44);
INSERT INTO "monster_monster_attacken" VALUES(140,40,63);
INSERT INTO "monster_monster_attacken" VALUES(141,40,62);
INSERT INTO "monster_monster_attacken" VALUES(142,40,15);
INSERT INTO "monster_monster_attacken" VALUES(143,41,69);
INSERT INTO "monster_monster_attacken" VALUES(144,41,16);
INSERT INTO "monster_monster_attacken" VALUES(145,41,70);
INSERT INTO "monster_monster_attacken" VALUES(146,42,40);
INSERT INTO "monster_monster_attacken" VALUES(147,42,27);
INSERT INTO "monster_monster_attacken" VALUES(148,42,71);
INSERT INTO "monster_monster_attacken" VALUES(149,43,2);
INSERT INTO "monster_monster_attacken" VALUES(150,43,61);
INSERT INTO "monster_monster_attacken" VALUES(151,43,1);
INSERT INTO "monster_monster_attacken" VALUES(152,43,3);
INSERT INTO "monster_monster_attacken" VALUES(153,44,72);
INSERT INTO "monster_monster_attacken" VALUES(154,44,7);
INSERT INTO "monster_monster_attacken" VALUES(155,44,15);
INSERT INTO "monster_monster_attacken" VALUES(156,44,27);
INSERT INTO "monster_monster_attacken" VALUES(157,45,7);
INSERT INTO "monster_monster_attacken" VALUES(158,45,73);
INSERT INTO "monster_monster_attacken" VALUES(159,45,39);
INSERT INTO "monster_monster_attacken" VALUES(160,46,74);
INSERT INTO "monster_monster_attacken" VALUES(161,46,42);
INSERT INTO "monster_monster_attacken" VALUES(162,46,6);
INSERT INTO "monster_monster_attacken" VALUES(163,47,61);
INSERT INTO "monster_monster_attacken" VALUES(164,47,62);
INSERT INTO "monster_monster_attacken" VALUES(165,47,75);
INSERT INTO "monster_monster_attacken" VALUES(166,48,16);
INSERT INTO "monster_monster_attacken" VALUES(167,48,46);
INSERT INTO "monster_monster_attacken" VALUES(168,48,20);
INSERT INTO "monster_monster_attacken" VALUES(169,48,52);
INSERT INTO "monster_monster_attacken" VALUES(170,48,76);
INSERT INTO "monster_monster_attacken" VALUES(171,49,77);
INSERT INTO "monster_monster_attacken" VALUES(172,49,39);
INSERT INTO "monster_monster_attacken" VALUES(173,49,22);
INSERT INTO "monster_monster_attacken" VALUES(174,50,4);
INSERT INTO "monster_monster_attacken" VALUES(175,50,6);
INSERT INTO "monster_monster_attacken" VALUES(176,50,39);
INSERT INTO "monster_monster_attacken" VALUES(177,51,10);
INSERT INTO "monster_monster_attacken" VALUES(178,51,43);
INSERT INTO "monster_monster_attacken" VALUES(179,51,38);
INSERT INTO "monster_monster_attacken" VALUES(180,51,6);
INSERT INTO "monster_monster_attacken" VALUES(181,52,56);
INSERT INTO "monster_monster_attacken" VALUES(182,52,8);
INSERT INTO "monster_monster_attacken" VALUES(183,52,6);
INSERT INTO "monster_monster_attacken" VALUES(184,52,10);
INSERT INTO "monster_monster_attacken" VALUES(185,53,6);
INSERT INTO "monster_monster_attacken" VALUES(186,53,4);
INSERT INTO "monster_monster_attacken" VALUES(187,53,8);
INSERT INTO "monster_monster_attacken" VALUES(188,54,22);
INSERT INTO "monster_monster_attacken" VALUES(189,54,37);
INSERT INTO "monster_monster_attacken" VALUES(190,55,12);
INSERT INTO "monster_monster_attacken" VALUES(191,55,43);
INSERT INTO "monster_monster_attacken" VALUES(192,55,74);
INSERT INTO "monster_monster_attacken" VALUES(193,55,8);
INSERT INTO "monster_monster_attacken" VALUES(194,56,57);
INSERT INTO "monster_monster_attacken" VALUES(195,56,78);
INSERT INTO "monster_monster_attacken" VALUES(196,56,79);
INSERT INTO "monster_monster_attacken" VALUES(197,57,78);
INSERT INTO "monster_monster_attacken" VALUES(198,57,40);
INSERT INTO "monster_monster_attacken" VALUES(199,57,4);
INSERT INTO "monster_monster_attacken" VALUES(200,58,78);
INSERT INTO "monster_monster_attacken" VALUES(201,58,79);
INSERT INTO "monster_monster_attacken" VALUES(202,58,49);
INSERT INTO "monster_monster_attacken" VALUES(203,58,57);
INSERT INTO "monster_monster_attacken" VALUES(204,59,16);
INSERT INTO "monster_monster_attacken" VALUES(205,59,29);
INSERT INTO "monster_monster_attacken" VALUES(206,59,15);
INSERT INTO "monster_monster_attacken" VALUES(207,59,80);
INSERT INTO "monster_monster_attacken" VALUES(208,59,27);
INSERT INTO "monster_monster_attacken" VALUES(209,60,80);
INSERT INTO "monster_monster_attacken" VALUES(210,60,7);
INSERT INTO "monster_monster_attacken" VALUES(211,60,13);
INSERT INTO "monster_monster_attacken" VALUES(212,60,26);
INSERT INTO "monster_monster_attacken" VALUES(213,61,81);
INSERT INTO "monster_monster_attacken" VALUES(214,61,40);
INSERT INTO "monster_monster_attacken" VALUES(215,61,75);
INSERT INTO "monster_monster_attacken" VALUES(216,62,82);
INSERT INTO "monster_monster_attacken" VALUES(217,62,7);
INSERT INTO "monster_monster_attacken" VALUES(218,62,80);
INSERT INTO "monster_monster_attacken" VALUES(219,63,79);
INSERT INTO "monster_monster_attacken" VALUES(220,63,59);
INSERT INTO "monster_monster_attacken" VALUES(221,63,57);
INSERT INTO "monster_monster_attacken" VALUES(222,63,39);
INSERT INTO "monster_monster_attacken" VALUES(223,64,83);
INSERT INTO "monster_monster_attacken" VALUES(224,64,9);
INSERT INTO "monster_monster_attacken" VALUES(225,64,23);
INSERT INTO "monster_monster_attacken" VALUES(226,64,27);
INSERT INTO "monster_monster_attacken" VALUES(227,65,84);
INSERT INTO "monster_monster_attacken" VALUES(228,65,85);
INSERT INTO "monster_monster_attacken" VALUES(229,66,7);
INSERT INTO "monster_monster_attacken" VALUES(230,66,22);
INSERT INTO "monster_monster_attacken" VALUES(231,66,39);
INSERT INTO "monster_monster_attacken" VALUES(232,66,23);
INSERT INTO "monster_monster_attacken" VALUES(233,67,23);
INSERT INTO "monster_monster_attacken" VALUES(234,67,40);
INSERT INTO "monster_monster_attacken" VALUES(235,67,37);
INSERT INTO "monster_monster_attacken" VALUES(236,68,5);
INSERT INTO "monster_monster_attacken" VALUES(237,68,15);
INSERT INTO "monster_monster_attacken" VALUES(238,68,41);
INSERT INTO "monster_monster_attacken" VALUES(239,68,83);
INSERT INTO "monster_monster_attacken" VALUES(240,69,7);
INSERT INTO "monster_monster_attacken" VALUES(241,69,86);
INSERT INTO "monster_monster_attacken" VALUES(242,70,55);
INSERT INTO "monster_monster_attacken" VALUES(243,70,7);
INSERT INTO "monster_monster_attacken" VALUES(244,70,29);
INSERT INTO "monster_monster_attacken" VALUES(245,71,87);
INSERT INTO "monster_monster_attacken" VALUES(246,71,43);
INSERT INTO "monster_monster_attacken" VALUES(247,71,39);
INSERT INTO "monster_monster_attacken" VALUES(248,72,78);
INSERT INTO "monster_monster_attacken" VALUES(249,72,59);
INSERT INTO "monster_monster_attacken" VALUES(250,72,7);
INSERT INTO "monster_monster_attacken" VALUES(251,73,50);
INSERT INTO "monster_monster_attacken" VALUES(252,73,59);
INSERT INTO "monster_monster_attacken" VALUES(253,73,79);
INSERT INTO "monster_monster_attacken" VALUES(254,73,47);
INSERT INTO "monster_monster_attacken" VALUES(255,73,36);
INSERT INTO "monster_monster_attacken" VALUES(256,74,63);
INSERT INTO "monster_monster_attacken" VALUES(257,74,88);
INSERT INTO "monster_monster_attacken" VALUES(258,74,56);
INSERT INTO "monster_monster_attacken" VALUES(259,75,54);
INSERT INTO "monster_monster_attacken" VALUES(260,75,63);
INSERT INTO "monster_monster_attacken" VALUES(261,75,29);
INSERT INTO "monster_monster_attacken" VALUES(262,75,25);
INSERT INTO "monster_monster_attacken" VALUES(263,76,89);
INSERT INTO "monster_monster_attacken" VALUES(264,76,90);
INSERT INTO "monster_monster_attacken" VALUES(265,76,91);
INSERT INTO "monster_monster_attacken" VALUES(266,76,92);
INSERT INTO "monster_monster_attacken" VALUES(267,77,7);
INSERT INTO "monster_monster_attacken" VALUES(268,77,91);
INSERT INTO "monster_monster_attacken" VALUES(269,77,92);
INSERT INTO "monster_monster_attacken" VALUES(270,78,93);
INSERT INTO "monster_monster_attacken" VALUES(271,78,94);
INSERT INTO "monster_monster_attacken" VALUES(272,78,95);
INSERT INTO "monster_monster_attacken" VALUES(273,79,7);
INSERT INTO "monster_monster_attacken" VALUES(274,79,95);
INSERT INTO "monster_monster_attacken" VALUES(275,79,94);
INSERT INTO "monster_monster_attacken" VALUES(276,79,82);
INSERT INTO "monster_monster_attacken" VALUES(277,79,69);
INSERT INTO "monster_monster_attacken" VALUES(278,80,27);
INSERT INTO "monster_monster_attacken" VALUES(279,80,15);
INSERT INTO "monster_monster_attacken" VALUES(280,80,22);
INSERT INTO "monster_monster_attacken" VALUES(281,81,91);
INSERT INTO "monster_monster_attacken" VALUES(282,81,7);
INSERT INTO "monster_monster_attacken" VALUES(283,81,6);
INSERT INTO "monster_monster_attacken" VALUES(284,81,10);
INSERT INTO "monster_monster_attacken" VALUES(285,82,39);
INSERT INTO "monster_monster_attacken" VALUES(286,82,96);
INSERT INTO "monster_monster_attacken" VALUES(287,83,92);
INSERT INTO "monster_monster_attacken" VALUES(288,83,79);
INSERT INTO "monster_monster_attacken" VALUES(289,83,97);
INSERT INTO "monster_monster_attacken" VALUES(290,84,82);
INSERT INTO "monster_monster_attacken" VALUES(291,84,6);
INSERT INTO "monster_monster_attacken" VALUES(292,84,90);
INSERT INTO "monster_monster_attacken" VALUES(293,84,43);
INSERT INTO "monster_monster_attacken" VALUES(294,85,98);
INSERT INTO "monster_monster_attacken" VALUES(295,85,70);
INSERT INTO "monster_monster_attacken" VALUES(296,85,20);
INSERT INTO "monster_monster_attacken" VALUES(297,85,90);
INSERT INTO "monster_monster_attacken" VALUES(298,86,62);
INSERT INTO "monster_monster_attacken" VALUES(299,86,2);
INSERT INTO "monster_monster_attacken" VALUES(300,86,4);
INSERT INTO "monster_monster_attacken" VALUES(301,86,65);
INSERT INTO "monster_monster_attacken" VALUES(302,87,4);
INSERT INTO "monster_monster_attacken" VALUES(303,87,99);
INSERT INTO "monster_monster_attacken" VALUES(304,87,39);
INSERT INTO "monster_monster_attacken" VALUES(305,88,4);
INSERT INTO "monster_monster_attacken" VALUES(306,88,99);
INSERT INTO "monster_monster_attacken" VALUES(307,88,6);
INSERT INTO "monster_monster_attacken" VALUES(308,88,44);
INSERT INTO "monster_monster_attacken" VALUES(309,89,76);
INSERT INTO "monster_monster_attacken" VALUES(310,89,56);
INSERT INTO "monster_monster_attacken" VALUES(311,89,53);
INSERT INTO "monster_monster_attacken" VALUES(312,89,20);
INSERT INTO "monster_monster_attacken" VALUES(313,90,47);
INSERT INTO "monster_monster_attacken" VALUES(314,90,100);
INSERT INTO "monster_monster_attacken" VALUES(315,90,101);
INSERT INTO "monster_monster_attacken" VALUES(316,91,75);
INSERT INTO "monster_monster_attacken" VALUES(317,91,89);
INSERT INTO "monster_monster_attacken" VALUES(318,91,101);
INSERT INTO "monster_monster_attacken" VALUES(319,92,97);
INSERT INTO "monster_monster_attacken" VALUES(320,92,35);
INSERT INTO "monster_monster_attacken" VALUES(321,92,29);
INSERT INTO "monster_monster_attacken" VALUES(322,93,79);
INSERT INTO "monster_monster_attacken" VALUES(323,93,58);
INSERT INTO "monster_monster_attacken" VALUES(324,93,102);
INSERT INTO "monster_monster_attacken" VALUES(325,93,59);
INSERT INTO "monster_monster_attacken" VALUES(326,94,94);
INSERT INTO "monster_monster_attacken" VALUES(327,94,69);
INSERT INTO "monster_monster_attacken" VALUES(328,94,99);
INSERT INTO "monster_monster_attacken" VALUES(329,94,8);
INSERT INTO "monster_monster_attacken" VALUES(330,95,80);
INSERT INTO "monster_monster_attacken" VALUES(331,95,75);
INSERT INTO "monster_monster_attacken" VALUES(332,95,103);
INSERT INTO "monster_monster_attacken" VALUES(333,96,101);
INSERT INTO "monster_monster_attacken" VALUES(334,96,16);
INSERT INTO "monster_monster_attacken" VALUES(335,96,56);
INSERT INTO "monster_monster_attacken" VALUES(336,96,65);
INSERT INTO "monster_monster_attacken" VALUES(337,96,104);
INSERT INTO "monster_monster_attacken" VALUES(338,97,95);
INSERT INTO "monster_monster_attacken" VALUES(339,97,105);
INSERT INTO "monster_monster_attacken" VALUES(340,97,93);
INSERT INTO "monster_monster_attacken" VALUES(341,98,43);
INSERT INTO "monster_monster_attacken" VALUES(342,98,80);
INSERT INTO "monster_monster_attacken" VALUES(343,98,93);
INSERT INTO "monster_monster_attacken" VALUES(344,98,82);
INSERT INTO "monster_monster_attacken" VALUES(345,99,76);
INSERT INTO "monster_monster_attacken" VALUES(346,99,53);
INSERT INTO "monster_monster_attacken" VALUES(347,99,20);
INSERT INTO "monster_monster_attacken" VALUES(348,100,43);
INSERT INTO "monster_monster_attacken" VALUES(349,100,73);
INSERT INTO "monster_monster_attacken" VALUES(350,100,24);
INSERT INTO "monster_monster_attacken" VALUES(351,100,9);
INSERT INTO "monster_monster_attacken" VALUES(352,100,25);
INSERT INTO "monster_monster_attacken" VALUES(353,101,61);
INSERT INTO "monster_monster_attacken" VALUES(354,101,62);
INSERT INTO "monster_monster_attacken" VALUES(355,101,7);
INSERT INTO "monster_monster_attacken" VALUES(356,102,8);
INSERT INTO "monster_monster_attacken" VALUES(357,102,10);
INSERT INTO "monster_monster_attacken" VALUES(358,102,39);
INSERT INTO "monster_monster_attacken" VALUES(359,102,9);
INSERT INTO "monster_monster_attacken" VALUES(360,103,106);
INSERT INTO "monster_monster_attacken" VALUES(361,103,46);
INSERT INTO "monster_monster_attacken" VALUES(362,103,54);
INSERT INTO "monster_monster_attacken" VALUES(363,103,21);
INSERT INTO "monster_monster_attacken" VALUES(364,104,100);
INSERT INTO "monster_monster_attacken" VALUES(365,104,42);
INSERT INTO "monster_monster_attacken" VALUES(366,104,47);
INSERT INTO "monster_monster_attacken" VALUES(367,104,28);
INSERT INTO "monster_monster_attacken" VALUES(368,105,88);
INSERT INTO "monster_monster_attacken" VALUES(369,105,107);
INSERT INTO "monster_monster_attacken" VALUES(370,105,46);
INSERT INTO "monster_monster_attacken" VALUES(371,105,28);
INSERT INTO "monster_monster_attacken" VALUES(372,106,43);
INSERT INTO "monster_monster_attacken" VALUES(373,106,82);
INSERT INTO "monster_monster_attacken" VALUES(374,106,105);
INSERT INTO "monster_monster_attacken" VALUES(375,107,82);
INSERT INTO "monster_monster_attacken" VALUES(376,107,10);
INSERT INTO "monster_monster_attacken" VALUES(377,107,87);
INSERT INTO "monster_monster_attacken" VALUES(378,107,90);
INSERT INTO "monster_monster_attacken" VALUES(379,108,40);
INSERT INTO "monster_monster_attacken" VALUES(380,108,37);
INSERT INTO "monster_monster_attacken" VALUES(381,108,22);
INSERT INTO "monster_monster_attacken" VALUES(382,108,81);
INSERT INTO "monster_monster_attacken" VALUES(383,109,43);
INSERT INTO "monster_monster_attacken" VALUES(384,109,78);
INSERT INTO "monster_monster_attacken" VALUES(385,109,30);
INSERT INTO "monster_monster_attacken" VALUES(386,110,59);
INSERT INTO "monster_monster_attacken" VALUES(387,110,7);
INSERT INTO "monster_monster_attacken" VALUES(388,110,105);
INSERT INTO "monster_monster_attacken" VALUES(389,111,7);
INSERT INTO "monster_monster_attacken" VALUES(390,111,39);
INSERT INTO "monster_monster_attacken" VALUES(391,111,86);
INSERT INTO "monster_monster_attacken" VALUES(392,112,62);
INSERT INTO "monster_monster_attacken" VALUES(393,112,61);
INSERT INTO "monster_monster_attacken" VALUES(394,112,39);
INSERT INTO "monster_monster_attacken" VALUES(395,113,96);
INSERT INTO "monster_monster_attacken" VALUES(396,113,77);
INSERT INTO "monster_monster_attacken" VALUES(397,113,40);
INSERT INTO "monster_monster_attacken" VALUES(398,114,76);
INSERT INTO "monster_monster_attacken" VALUES(399,114,16);
INSERT INTO "monster_monster_attacken" VALUES(400,114,52);
INSERT INTO "monster_monster_attacken" VALUES(401,114,55);
INSERT INTO "monster_monster_attacken" VALUES(402,114,21);
INSERT INTO "monster_monster_attacken" VALUES(403,115,108);
INSERT INTO "monster_monster_attacken" VALUES(404,115,75);
INSERT INTO "monster_monster_attacken" VALUES(405,115,80);
INSERT INTO "monster_monster_attacken" VALUES(406,115,91);
INSERT INTO "monster_monster_attacken" VALUES(407,116,7);
INSERT INTO "monster_monster_attacken" VALUES(408,116,39);
INSERT INTO "monster_monster_attacken" VALUES(409,116,80);
INSERT INTO "monster_monster_attacken" VALUES(410,117,43);
INSERT INTO "monster_monster_attacken" VALUES(411,117,53);
INSERT INTO "monster_monster_attacken" VALUES(412,117,82);
INSERT INTO "monster_monster_attacken" VALUES(413,117,13);
INSERT INTO "monster_monster_attacken" VALUES(414,118,89);
INSERT INTO "monster_monster_attacken" VALUES(415,118,109);
INSERT INTO "monster_monster_attacken" VALUES(416,118,110);
INSERT INTO "monster_monster_attacken" VALUES(417,119,79);
INSERT INTO "monster_monster_attacken" VALUES(418,119,57);
INSERT INTO "monster_monster_attacken" VALUES(419,119,59);
INSERT INTO "monster_monster_attacken" VALUES(420,119,78);
INSERT INTO "monster_monster_attacken" VALUES(421,120,111);
INSERT INTO "monster_monster_attacken" VALUES(422,120,58);
INSERT INTO "monster_monster_attacken" VALUES(423,120,28);
INSERT INTO "monster_monster_attacken" VALUES(424,120,59);
INSERT INTO "monster_monster_attacken" VALUES(425,121,4);
INSERT INTO "monster_monster_attacken" VALUES(426,121,105);
INSERT INTO "monster_monster_attacken" VALUES(427,121,43);
INSERT INTO "monster_monster_attacken" VALUES(428,122,112);
INSERT INTO "monster_monster_attacken" VALUES(429,122,44);
INSERT INTO "monster_monster_attacken" VALUES(430,122,38);
INSERT INTO "monster_monster_attacken" VALUES(431,122,26);
INSERT INTO "monster_monster_attacken" VALUES(432,123,69);
INSERT INTO "monster_monster_attacken" VALUES(433,123,87);
INSERT INTO "monster_monster_attacken" VALUES(434,123,82);
INSERT INTO "monster_monster_attacken" VALUES(435,124,62);
INSERT INTO "monster_monster_attacken" VALUES(436,124,113);
INSERT INTO "monster_monster_attacken" VALUES(437,124,2);
INSERT INTO "monster_monster_attacken" VALUES(438,124,19);
INSERT INTO "monster_monster_attacken" VALUES(439,125,82);
INSERT INTO "monster_monster_attacken" VALUES(440,125,47);
INSERT INTO "monster_monster_attacken" VALUES(441,125,43);
INSERT INTO "monster_monster_attacken" VALUES(442,125,49);
INSERT INTO "monster_monster_attacken" VALUES(443,126,50);
INSERT INTO "monster_monster_attacken" VALUES(444,126,114);
INSERT INTO "monster_monster_attacken" VALUES(445,126,49);
INSERT INTO "monster_monster_attacken" VALUES(446,127,76);
INSERT INTO "monster_monster_attacken" VALUES(447,127,53);
INSERT INTO "monster_monster_attacken" VALUES(448,127,25);
INSERT INTO "monster_monster_attacken" VALUES(449,127,55);
INSERT INTO "monster_monster_attacken" VALUES(450,128,114);
INSERT INTO "monster_monster_attacken" VALUES(451,128,90);
INSERT INTO "monster_monster_attacken" VALUES(452,128,39);
INSERT INTO "monster_monster_attacken" VALUES(453,129,21);
INSERT INTO "monster_monster_attacken" VALUES(454,129,29);
INSERT INTO "monster_monster_attacken" VALUES(455,130,114);
INSERT INTO "monster_monster_attacken" VALUES(456,130,4);
INSERT INTO "monster_monster_attacken" VALUES(457,130,49);
INSERT INTO "monster_monster_attacken" VALUES(458,131,81);
INSERT INTO "monster_monster_attacken" VALUES(459,131,92);
INSERT INTO "monster_monster_attacken" VALUES(460,131,74);
INSERT INTO "monster_monster_attacken" VALUES(461,131,39);
INSERT INTO "monster_monster_attacken" VALUES(462,132,99);
INSERT INTO "monster_monster_attacken" VALUES(463,132,35);
INSERT INTO "monster_monster_attacken" VALUES(464,132,18);
INSERT INTO "monster_monster_attacken" VALUES(465,133,87);
INSERT INTO "monster_monster_attacken" VALUES(466,133,69);
INSERT INTO "monster_monster_attacken" VALUES(467,133,6);
INSERT INTO "monster_monster_attacken" VALUES(468,133,101);
INSERT INTO "monster_monster_attacken" VALUES(469,133,108);
INSERT INTO "monster_monster_attacken" VALUES(470,134,115);
INSERT INTO "monster_monster_attacken" VALUES(471,134,16);
INSERT INTO "monster_monster_attacken" VALUES(472,135,98);
INSERT INTO "monster_monster_attacken" VALUES(473,135,89);
INSERT INTO "monster_monster_attacken" VALUES(474,135,74);
INSERT INTO "monster_monster_attacken" VALUES(475,136,60);
INSERT INTO "monster_monster_attacken" VALUES(476,136,24);
INSERT INTO "monster_monster_attacken" VALUES(477,136,25);
INSERT INTO "monster_monster_attacken" VALUES(478,136,35);
INSERT INTO "monster_monster_attacken" VALUES(479,137,70);
INSERT INTO "monster_monster_attacken" VALUES(480,137,11);
INSERT INTO "monster_monster_attacken" VALUES(481,137,116);
INSERT INTO "monster_monster_attacken" VALUES(482,138,111);
INSERT INTO "monster_monster_attacken" VALUES(483,138,79);
INSERT INTO "monster_monster_attacken" VALUES(484,138,29);
INSERT INTO "monster_monster_attacken" VALUES(485,139,17);
INSERT INTO "monster_monster_attacken" VALUES(486,139,15);
INSERT INTO "monster_monster_attacken" VALUES(487,139,89);
INSERT INTO "monster_monster_attacken" VALUES(488,139,108);
INSERT INTO "monster_monster_attacken" VALUES(489,140,76);
INSERT INTO "monster_monster_attacken" VALUES(490,140,117);
INSERT INTO "monster_monster_attacken" VALUES(491,140,53);
INSERT INTO "monster_monster_attacken" VALUES(492,141,89);
INSERT INTO "monster_monster_attacken" VALUES(493,141,40);
INSERT INTO "monster_monster_attacken" VALUES(494,141,37);
INSERT INTO "monster_monster_attacken" VALUES(495,142,21);
INSERT INTO "monster_monster_attacken" VALUES(496,142,29);
INSERT INTO "monster_monster_attacken" VALUES(497,142,16);
INSERT INTO "monster_monster_attacken" VALUES(498,143,113);
INSERT INTO "monster_monster_attacken" VALUES(499,143,90);
INSERT INTO "monster_monster_attacken" VALUES(500,143,61);
INSERT INTO "monster_monster_attacken" VALUES(501,144,110);
INSERT INTO "monster_monster_attacken" VALUES(502,144,89);
INSERT INTO "monster_monster_attacken" VALUES(503,144,101);
INSERT INTO "monster_monster_attacken" VALUES(504,144,40);
INSERT INTO "monster_monster_attacken" VALUES(505,145,90);
INSERT INTO "monster_monster_attacken" VALUES(506,145,105);
INSERT INTO "monster_monster_attacken" VALUES(507,145,98);
INSERT INTO "monster_monster_attacken" VALUES(508,145,116);
INSERT INTO "monster_monster_attacken" VALUES(509,146,118);
INSERT INTO "monster_monster_attacken" VALUES(510,146,119);
INSERT INTO "monster_monster_attacken" VALUES(511,146,116);
INSERT INTO "monster_monster_attacken" VALUES(512,146,70);
INSERT INTO "monster_monster_attacken" VALUES(513,147,7);
INSERT INTO "monster_monster_attacken" VALUES(514,147,6);
INSERT INTO "monster_monster_attacken" VALUES(515,147,69);
INSERT INTO "monster_monster_attacken" VALUES(516,148,67);
INSERT INTO "monster_monster_attacken" VALUES(517,148,40);
INSERT INTO "monster_monster_attacken" VALUES(518,148,81);
INSERT INTO "monster_monster_attacken" VALUES(519,149,14);
INSERT INTO "monster_monster_attacken" VALUES(520,149,81);
INSERT INTO "monster_monster_attacken" VALUES(521,149,37);
INSERT INTO "monster_monster_attacken" VALUES(522,149,110);
INSERT INTO "monster_monster_attacken" VALUES(523,150,7);
INSERT INTO "monster_monster_attacken" VALUES(524,150,82);
INSERT INTO "monster_monster_attacken" VALUES(525,150,41);
INSERT INTO "monster_monster_attacken" VALUES(526,150,86);
INSERT INTO "monster_monster_attacken" VALUES(527,151,30);
INSERT INTO "monster_monster_attacken" VALUES(528,151,80);
INSERT INTO "monster_monster_attacken" VALUES(529,152,7);
INSERT INTO "monster_monster_attacken" VALUES(530,152,92);
INSERT INTO "monster_monster_attacken" VALUES(531,152,97);
INSERT INTO "monster_monster_attacken" VALUES(532,152,91);
INSERT INTO "monster_monster_attacken" VALUES(533,153,116);
INSERT INTO "monster_monster_attacken" VALUES(534,153,11);
INSERT INTO "monster_monster_attacken" VALUES(535,153,70);
INSERT INTO "monster_monster_attacken" VALUES(536,154,8);
INSERT INTO "monster_monster_attacken" VALUES(537,154,116);
INSERT INTO "monster_monster_attacken" VALUES(538,154,12);
INSERT INTO "monster_monster_attacken" VALUES(539,155,74);
INSERT INTO "monster_monster_attacken" VALUES(540,155,116);
INSERT INTO "monster_monster_attacken" VALUES(541,155,90);
INSERT INTO "monster_monster_attacken" VALUES(542,156,7);
INSERT INTO "monster_monster_attacken" VALUES(543,156,51);
INSERT INTO "monster_monster_attacken" VALUES(544,156,26);
INSERT INTO "monster_monster_attacken" VALUES(545,156,4);
INSERT INTO "monster_monster_attacken" VALUES(546,157,52);
INSERT INTO "monster_monster_attacken" VALUES(547,157,26);
INSERT INTO "monster_monster_attacken" VALUES(548,157,41);
INSERT INTO "monster_monster_attacken" VALUES(549,158,21);
INSERT INTO "monster_monster_attacken" VALUES(550,158,52);
INSERT INTO "monster_monster_attacken" VALUES(551,158,120);
INSERT INTO "monster_monster_attacken" VALUES(552,158,53);
INSERT INTO "monster_monster_attacken" VALUES(553,159,21);
INSERT INTO "monster_monster_attacken" VALUES(554,159,121);
INSERT INTO "monster_monster_attacken" VALUES(555,159,120);
INSERT INTO "monster_monster_attacken" VALUES(556,159,122);
INSERT INTO "monster_monster_attacken" VALUES(557,160,12);
INSERT INTO "monster_monster_attacken" VALUES(558,160,39);
INSERT INTO "monster_monster_attacken" VALUES(559,161,123);
INSERT INTO "monster_monster_attacken" VALUES(560,161,124);
INSERT INTO "monster_monster_attacken" VALUES(561,161,63);
INSERT INTO "monster_monster_attacken" VALUES(562,161,96);
INSERT INTO "monster_monster_attacken" VALUES(563,162,43);
INSERT INTO "monster_monster_attacken" VALUES(564,162,37);
INSERT INTO "monster_monster_attacken" VALUES(565,162,75);
INSERT INTO "monster_monster_attacken" VALUES(566,163,7);
INSERT INTO "monster_monster_attacken" VALUES(567,163,110);
INSERT INTO "monster_monster_attacken" VALUES(568,163,70);
INSERT INTO "monster_monster_attacken" VALUES(569,164,80);
INSERT INTO "monster_monster_attacken" VALUES(570,164,82);
INSERT INTO "monster_monster_attacken" VALUES(571,164,75);
INSERT INTO "monster_monster_attacken" VALUES(572,165,17);
INSERT INTO "monster_monster_attacken" VALUES(573,165,14);
INSERT INTO "monster_monster_attacken" VALUES(574,165,15);
INSERT INTO "monster_monster_attacken" VALUES(575,165,27);
INSERT INTO "monster_monster_attacken" VALUES(577,165,92);
INSERT INTO "monster_monster_attacken" VALUES(578,166,17);
INSERT INTO "monster_monster_attacken" VALUES(579,166,108);
INSERT INTO "monster_monster_attacken" VALUES(580,166,49);
INSERT INTO "monster_monster_attacken" VALUES(581,166,41);
INSERT INTO "monster_monster_attacken" VALUES(582,166,15);
INSERT INTO "monster_monster_attacken" VALUES(583,167,101);
INSERT INTO "monster_monster_attacken" VALUES(584,167,96);
INSERT INTO "monster_monster_attacken" VALUES(585,167,87);
INSERT INTO "monster_monster_attacken" VALUES(586,168,113);
INSERT INTO "monster_monster_attacken" VALUES(587,168,62);
INSERT INTO "monster_monster_attacken" VALUES(588,168,18);
INSERT INTO "monster_monster_attacken" VALUES(589,168,1);
INSERT INTO "monster_monster_attacken" VALUES(590,168,125);
INSERT INTO "monster_monster_attacken" VALUES(591,169,30);
INSERT INTO "monster_monster_attacken" VALUES(592,169,125);
INSERT INTO "monster_monster_attacken" VALUES(593,169,33);
INSERT INTO "monster_monster_attacken" VALUES(594,169,19);
INSERT INTO "monster_monster_attacken" VALUES(595,169,62);
INSERT INTO "monster_monster_attacken" VALUES(596,169,113);
INSERT INTO "monster_monster_attacken" VALUES(597,170,37);
INSERT INTO "monster_monster_attacken" VALUES(598,170,22);
INSERT INTO "monster_monster_attacken" VALUES(599,171,7);
INSERT INTO "monster_monster_attacken" VALUES(600,171,22);
INSERT INTO "monster_monster_attacken" VALUES(601,171,90);
INSERT INTO "monster_monster_attacken" VALUES(602,172,126);
INSERT INTO "monster_monster_attacken" VALUES(603,172,11);
INSERT INTO "monster_monster_attacken" VALUES(604,172,82);
INSERT INTO "monster_monster_attacken" VALUES(605,172,12);
INSERT INTO "monster_monster_attacken" VALUES(606,173,122);
INSERT INTO "monster_monster_attacken" VALUES(607,173,96);
INSERT INTO "monster_monster_attacken" VALUES(608,173,127);
INSERT INTO "monster_monster_attacken" VALUES(609,174,76);
INSERT INTO "monster_monster_attacken" VALUES(610,174,128);
INSERT INTO "monster_monster_attacken" VALUES(611,174,124);
INSERT INTO "monster_monster_attacken" VALUES(612,175,129);
INSERT INTO "monster_monster_attacken" VALUES(613,175,127);
INSERT INTO "monster_monster_attacken" VALUES(614,175,14);
INSERT INTO "monster_monster_attacken" VALUES(615,175,15);
INSERT INTO "monster_monster_attacken" VALUES(616,176,124);
INSERT INTO "monster_monster_attacken" VALUES(617,176,130);
INSERT INTO "monster_monster_attacken" VALUES(618,176,40);
INSERT INTO "monster_monster_attacken" VALUES(619,177,131);
INSERT INTO "monster_monster_attacken" VALUES(620,177,69);
INSERT INTO "monster_monster_attacken" VALUES(621,178,40);
INSERT INTO "monster_monster_attacken" VALUES(622,178,37);
INSERT INTO "monster_monster_attacken" VALUES(623,178,101);
INSERT INTO "monster_monster_attacken" VALUES(624,178,24);
INSERT INTO "monster_monster_attacken" VALUES(625,179,81);
INSERT INTO "monster_monster_attacken" VALUES(626,179,37);
INSERT INTO "monster_monster_attacken" VALUES(627,180,69);
INSERT INTO "monster_monster_attacken" VALUES(628,180,90);
INSERT INTO "monster_monster_attacken" VALUES(629,180,9);
INSERT INTO "monster_monster_attacken" VALUES(630,181,113);
INSERT INTO "monster_monster_attacken" VALUES(631,181,1);
INSERT INTO "monster_monster_attacken" VALUES(632,181,29);
INSERT INTO "monster_monster_attacken" VALUES(633,181,121);
INSERT INTO "monster_monster_attacken" VALUES(634,181,38);
INSERT INTO "monster_monster_attacken" VALUES(635,182,82);
INSERT INTO "monster_monster_attacken" VALUES(636,182,90);
INSERT INTO "monster_monster_attacken" VALUES(637,182,58);
INSERT INTO "monster_monster_attacken" VALUES(638,182,59);
INSERT INTO "monster_monster_attacken" VALUES(639,183,113);
INSERT INTO "monster_monster_attacken" VALUES(640,183,62);
INSERT INTO "monster_monster_attacken" VALUES(641,183,8);
INSERT INTO "monster_monster_attacken" VALUES(642,183,1);
INSERT INTO "monster_monster_attacken" VALUES(643,184,7);
INSERT INTO "monster_monster_attacken" VALUES(644,184,39);
INSERT INTO "monster_monster_attacken" VALUES(645,185,7);
INSERT INTO "monster_monster_attacken" VALUES(646,185,41);
INSERT INTO "monster_monster_attacken" VALUES(647,185,31);
INSERT INTO "monster_monster_attacken" VALUES(648,186,55);
INSERT INTO "monster_monster_attacken" VALUES(649,186,132);
INSERT INTO "monster_monster_attacken" VALUES(650,186,82);
INSERT INTO "monster_monster_attacken" VALUES(651,186,92);
INSERT INTO "monster_monster_attacken" VALUES(652,186,4);
INSERT INTO "monster_monster_attacken" VALUES(653,187,82);
INSERT INTO "monster_monster_attacken" VALUES(654,187,90);
INSERT INTO "monster_monster_attacken" VALUES(655,187,9);
INSERT INTO "monster_monster_attacken" VALUES(656,187,10);
INSERT INTO "monster_monster_attacken" VALUES(657,188,110);
INSERT INTO "monster_monster_attacken" VALUES(658,188,89);
INSERT INTO "monster_monster_attacken" VALUES(659,188,74);
INSERT INTO "monster_monster_attacken" VALUES(660,188,101);
INSERT INTO "monster_monster_attacken" VALUES(661,188,40);
INSERT INTO "monster_monster_attacken" VALUES(662,189,54);
INSERT INTO "monster_monster_attacken" VALUES(663,189,14);
INSERT INTO "monster_monster_attacken" VALUES(664,189,109);
INSERT INTO "monster_monster_attacken" VALUES(665,189,110);
INSERT INTO "monster_monster_attacken" VALUES(666,190,124);
INSERT INTO "monster_monster_attacken" VALUES(667,190,107);
INSERT INTO "monster_monster_attacken" VALUES(668,190,84);
INSERT INTO "monster_monster_attacken" VALUES(669,190,85);
INSERT INTO "monster_monster_attacken" VALUES(670,190,128);
INSERT INTO "monster_monster_attacken" VALUES(671,190,132);
INSERT INTO "monster_monster_attacken" VALUES(672,190,46);
INSERT INTO "monster_monster_attacken" VALUES(673,191,113);
INSERT INTO "monster_monster_attacken" VALUES(674,191,62);
INSERT INTO "monster_monster_attacken" VALUES(675,191,32);
INSERT INTO "monster_monster_attacken" VALUES(676,191,19);
INSERT INTO "monster_monster_attacken" VALUES(677,191,76);
INSERT INTO "monster_monster_attacken" VALUES(678,192,124);
INSERT INTO "monster_monster_attacken" VALUES(679,192,130);
INSERT INTO "monster_monster_attacken" VALUES(680,192,115);
INSERT INTO "monster_monster_attacken" VALUES(681,192,128);
INSERT INTO "monster_monster_attacken" VALUES(682,192,119);
INSERT INTO "monster_monster_attacken" VALUES(683,193,69);
INSERT INTO "monster_monster_attacken" VALUES(684,193,101);
INSERT INTO "monster_monster_attacken" VALUES(685,193,4);
INSERT INTO "monster_monster_attacken" VALUES(686,193,39);
INSERT INTO "monster_monster_attacken" VALUES(687,194,121);
INSERT INTO "monster_monster_attacken" VALUES(688,194,29);
INSERT INTO "monster_monster_attacken" VALUES(689,194,56);
INSERT INTO "monster_monster_attacken" VALUES(690,194,127);
INSERT INTO "monster_monster_attacken" VALUES(691,194,124);
INSERT INTO "monster_monster_attacken" VALUES(692,194,54);
INSERT INTO "monster_monster_attacken" VALUES(693,195,129);
INSERT INTO "monster_monster_attacken" VALUES(694,195,40);
INSERT INTO "monster_monster_attacken" VALUES(695,196,47);
INSERT INTO "monster_monster_attacken" VALUES(696,196,100);
INSERT INTO "monster_monster_attacken" VALUES(697,196,114);
INSERT INTO "monster_monster_attacken" VALUES(698,196,125);
INSERT INTO "monster_monster_attacken" VALUES(699,197,79);
INSERT INTO "monster_monster_attacken" VALUES(700,197,5);
INSERT INTO "monster_monster_attacken" VALUES(701,197,28);
INSERT INTO "monster_monster_attacken" VALUES(702,197,23);
INSERT INTO "monster_monster_attacken" VALUES(703,197,132);
INSERT INTO "monster_monster_attacken" VALUES(704,197,97);
INSERT INTO "monster_monster_attacken" VALUES(705,198,7);
INSERT INTO "monster_monster_attacken" VALUES(706,198,10);
INSERT INTO "monster_monster_attacken" VALUES(707,198,31);
INSERT INTO "monster_monster_attacken" VALUES(708,199,81);
INSERT INTO "monster_monster_attacken" VALUES(709,199,37);
INSERT INTO "monster_monster_attacken" VALUES(710,200,114);
INSERT INTO "monster_monster_attacken" VALUES(711,200,44);
INSERT INTO "monster_monster_attacken" VALUES(712,200,45);
INSERT INTO "monster_monster_attacken" VALUES(713,200,50);
INSERT INTO "monster_monster_attacken" VALUES(714,201,39);
INSERT INTO "monster_monster_attacken" VALUES(715,201,40);
INSERT INTO "monster_monster_attacken" VALUES(716,201,101);
INSERT INTO "monster_monster_attacken" VALUES(717,202,18);
INSERT INTO "monster_monster_attacken" VALUES(718,202,107);
INSERT INTO "monster_monster_attacken" VALUES(719,202,64);
INSERT INTO "monster_monster_attacken" VALUES(720,202,108);
INSERT INTO "monster_monster_attacken" VALUES(721,203,32);
INSERT INTO "monster_monster_attacken" VALUES(722,203,36);
INSERT INTO "monster_monster_attacken" VALUES(723,203,34);
INSERT INTO "monster_monster_attacken" VALUES(724,203,19);
INSERT INTO "monster_monster_attacken" VALUES(725,203,41);
INSERT INTO "monster_monster_attacken" VALUES(726,203,100);
INSERT INTO "monster_monster_attacken" VALUES(727,203,126);
INSERT INTO "monster_monster_attacken" VALUES(728,204,115);
INSERT INTO "monster_monster_attacken" VALUES(729,204,127);
INSERT INTO "monster_monster_attacken" VALUES(730,204,129);
INSERT INTO "monster_monster_attacken" VALUES(731,204,54);
INSERT INTO "monster_monster_attacken" VALUES(732,204,121);
INSERT INTO "monster_monster_attacken" VALUES(733,204,123);
INSERT INTO "monster_monster_attacken" VALUES(734,205,29);
INSERT INTO "monster_monster_attacken" VALUES(735,205,96);
INSERT INTO "monster_monster_attacken" VALUES(736,205,133);
INSERT INTO "monster_monster_attacken" VALUES(737,206,119);
INSERT INTO "monster_monster_attacken" VALUES(738,206,52);
INSERT INTO "monster_monster_attacken" VALUES(739,206,21);
INSERT INTO "monster_monster_attacken" VALUES(740,206,65);
INSERT INTO "monster_monster_attacken" VALUES(741,206,54);
INSERT INTO "monster_monster_attacken" VALUES(742,207,115);
INSERT INTO "monster_monster_attacken" VALUES(743,207,131);
INSERT INTO "monster_monster_attacken" VALUES(744,207,55);
INSERT INTO "monster_monster_attacken" VALUES(745,207,46);
INSERT INTO "monster_monster_attacken" VALUES(746,207,56);
INSERT INTO "monster_monster_attacken" VALUES(747,208,133);
INSERT INTO "monster_monster_attacken" VALUES(748,208,96);
INSERT INTO "monster_monster_attacken" VALUES(749,208,77);
INSERT INTO "monster_monster_attacken" VALUES(750,208,56);
INSERT INTO "monster_monster_attacken" VALUES(751,208,46);
INSERT INTO "monster_monster_attacken" VALUES(752,209,19);
INSERT INTO "monster_monster_attacken" VALUES(753,209,125);
INSERT INTO "monster_monster_attacken" VALUES(754,209,69);
INSERT INTO "monster_monster_attacken" VALUES(755,209,82);
INSERT INTO "monster_monster_attacken" VALUES(756,209,90);
INSERT INTO "monster_monster_attacken" VALUES(757,210,92);
INSERT INTO "monster_monster_attacken" VALUES(758,210,27);
INSERT INTO "monster_monster_attacken" VALUES(759,210,15);
INSERT INTO "monster_monster_attacken" VALUES(760,210,37);
INSERT INTO "monster_monster_attacken" VALUES(761,211,130);
INSERT INTO "monster_monster_attacken" VALUES(762,211,124);
INSERT INTO "monster_monster_attacken" VALUES(763,212,5);
INSERT INTO "monster_monster_attacken" VALUES(764,212,91);
INSERT INTO "monster_monster_attacken" VALUES(765,212,10);
INSERT INTO "monster_monster_attacken" VALUES(766,212,8);
INSERT INTO "monster_monster_attacken" VALUES(767,213,4);
INSERT INTO "monster_monster_attacken" VALUES(768,213,31);
INSERT INTO "monster_monster_attacken" VALUES(769,213,39);
INSERT INTO "monster_monster_attacken" VALUES(770,214,82);
INSERT INTO "monster_monster_attacken" VALUES(771,214,74);
INSERT INTO "monster_monster_attacken" VALUES(772,214,134);
INSERT INTO "monster_monster_attacken" VALUES(773,215,12);
INSERT INTO "monster_monster_attacken" VALUES(774,215,11);
INSERT INTO "monster_monster_attacken" VALUES(775,216,100);
INSERT INTO "monster_monster_attacken" VALUES(776,216,114);
INSERT INTO "monster_monster_attacken" VALUES(777,216,132);
INSERT INTO "monster_monster_attacken" VALUES(778,216,133);
INSERT INTO "monster_monster_attacken" VALUES(779,217,134);
INSERT INTO "monster_monster_attacken" VALUES(780,217,39);
INSERT INTO "monster_monster_attacken" VALUES(781,217,89);
INSERT INTO "monster_monster_attacken" VALUES(782,218,7);
INSERT INTO "monster_monster_attacken" VALUES(783,218,82);
INSERT INTO "monster_monster_attacken" VALUES(784,218,90);
INSERT INTO "monster_monster_attacken" VALUES(785,218,86);
INSERT INTO "monster_monster_attacken" VALUES(786,219,135);
INSERT INTO "monster_monster_attacken" VALUES(787,219,66);
INSERT INTO "monster_monster_attacken" VALUES(788,219,7);
INSERT INTO "monster_monster_attacken" VALUES(789,219,70);
INSERT INTO "monster_monster_attacken" VALUES(790,220,66);
INSERT INTO "monster_monster_attacken" VALUES(791,220,135);
INSERT INTO "monster_monster_attacken" VALUES(792,220,114);
INSERT INTO "monster_monster_attacken" VALUES(793,220,49);
INSERT INTO "monster_monster_attacken" VALUES(794,220,50);
INSERT INTO "monster_monster_attacken" VALUES(795,220,11);
INSERT INTO "monster_monster_attacken" VALUES(796,221,118);
INSERT INTO "monster_monster_attacken" VALUES(797,221,105);
INSERT INTO "monster_monster_attacken" VALUES(798,221,39);
INSERT INTO "monster_monster_attacken" VALUES(799,222,118);
INSERT INTO "monster_monster_attacken" VALUES(800,222,8);
INSERT INTO "monster_monster_attacken" VALUES(801,222,116);
INSERT INTO "monster_monster_attacken" VALUES(802,222,44);
INSERT INTO "monster_monster_attacken" VALUES(803,223,39);
INSERT INTO "monster_monster_attacken" VALUES(804,223,81);
INSERT INTO "monster_monster_attacken" VALUES(805,223,96);
INSERT INTO "monster_monster_attacken" VALUES(806,224,9);
INSERT INTO "monster_monster_attacken" VALUES(807,224,24);
INSERT INTO "monster_monster_attacken" VALUES(808,224,90);
INSERT INTO "monster_monster_attacken" VALUES(809,224,82);
INSERT INTO "monster_monster_attacken" VALUES(810,225,86);
INSERT INTO "monster_monster_attacken" VALUES(811,225,9);
INSERT INTO "monster_monster_attacken" VALUES(812,225,90);
INSERT INTO "monster_monster_attacken" VALUES(813,225,135);
INSERT INTO "monster_monster_attacken" VALUES(814,226,97);
INSERT INTO "monster_monster_attacken" VALUES(815,226,17);
INSERT INTO "monster_monster_attacken" VALUES(816,227,97);
INSERT INTO "monster_monster_attacken" VALUES(817,227,39);
INSERT INTO "monster_monster_attacken" VALUES(818,227,117);
INSERT INTO "monster_monster_attacken" VALUES(819,228,136);
INSERT INTO "monster_monster_attacken" VALUES(820,228,137);
INSERT INTO "monster_monster_attacken" VALUES(821,228,39);
INSERT INTO "monster_monster_attacken" VALUES(822,228,98);
INSERT INTO "monster_monster_attacken" VALUES(823,228,131);
INSERT INTO "monster_monster_attacken" VALUES(824,229,82);
INSERT INTO "monster_monster_attacken" VALUES(825,229,2);
INSERT INTO "monster_monster_attacken" VALUES(826,229,90);
INSERT INTO "monster_monster_attacken" VALUES(827,229,38);
INSERT INTO "monster_monster_attacken" VALUES(828,229,135);
CREATE TABLE "monster_typ" ("id" integer NOT NULL PRIMARY KEY AUTOINCREMENT, "titel" varchar(20) NOT NULL);
INSERT INTO "monster_typ" VALUES(1,'Elektro');
INSERT INTO "monster_typ" VALUES(2,'Schwebe');
INSERT INTO "monster_typ" VALUES(3,'Wasser');
INSERT INTO "monster_typ" VALUES(4,'Flug');
INSERT INTO "monster_typ" VALUES(5,'Parasit');
INSERT INTO "monster_typ" VALUES(6,'Boden');
INSERT INTO "monster_typ" VALUES(7,'Metall');
INSERT INTO "monster_typ" VALUES(8,'Normal');
INSERT INTO "monster_typ" VALUES(9,'Magie');
INSERT INTO "monster_typ" VALUES(10,'Gift');
INSERT INTO "monster_typ" VALUES(11,'Finsternis');
INSERT INTO "monster_typ" VALUES(12,'Insekt');
INSERT INTO "monster_typ" VALUES(13,'Geist');
INSERT INTO "monster_typ" VALUES(14,'Laser');
INSERT INTO "monster_typ" VALUES(17,'Psycho');
INSERT INTO "monster_typ" VALUES(18,'Gestein');
INSERT INTO "monster_typ" VALUES(19,'Chemie');
INSERT INTO "monster_typ" VALUES(20,'Feuer');
INSERT INTO "monster_typ" VALUES(21,'Unsichtbar');
INSERT INTO "monster_typ" VALUES(22,'Pflanze');
INSERT INTO "monster_typ" VALUES(23,'Eis');
CREATE TABLE "monster_typ_effektiv_gegen" ("id" integer NOT NULL PRIMARY KEY AUTOINCREMENT, "from_typ_id" integer NOT NULL REFERENCES "monster_typ" ("id") DEFERRABLE INITIALLY DEFERRED, "to_typ_id" integer NOT NULL REFERENCES "monster_typ" ("id") DEFERRABLE INITIALLY DEFERRED);
INSERT INTO "monster_typ_effektiv_gegen" VALUES(1,1,3);
INSERT INTO "monster_typ_effektiv_gegen" VALUES(2,6,4);
INSERT INTO "monster_typ_effektiv_gegen" VALUES(3,7,6);
INSERT INTO "monster_typ_effektiv_gegen" VALUES(4,6,2);
INSERT INTO "monster_typ_effektiv_gegen" VALUES(5,6,20);
INSERT INTO "monster_typ_effektiv_gegen" VALUES(6,19,8);
INSERT INTO "monster_typ_effektiv_gegen" VALUES(7,19,3);
INSERT INTO "monster_typ_effektiv_gegen" VALUES(8,19,5);
INSERT INTO "monster_typ_effektiv_gegen" VALUES(9,19,22);
INSERT INTO "monster_typ_effektiv_gegen" VALUES(10,23,2);
INSERT INTO "monster_typ_effektiv_gegen" VALUES(11,23,4);
INSERT INTO "monster_typ_effektiv_gegen" VALUES(12,1,12);
INSERT INTO "monster_typ_effektiv_gegen" VALUES(13,23,3);
INSERT INTO "monster_typ_effektiv_gegen" VALUES(14,1,7);
INSERT INTO "monster_typ_effektiv_gegen" VALUES(15,20,5);
INSERT INTO "monster_typ_effektiv_gegen" VALUES(16,20,7);
INSERT INTO "monster_typ_effektiv_gegen" VALUES(17,20,11);
INSERT INTO "monster_typ_effektiv_gegen" VALUES(18,20,12);
INSERT INTO "monster_typ_effektiv_gegen" VALUES(19,20,13);
INSERT INTO "monster_typ_effektiv_gegen" VALUES(20,20,22);
INSERT INTO "monster_typ_effektiv_gegen" VALUES(21,20,23);
INSERT INTO "monster_typ_effektiv_gegen" VALUES(22,11,17);
INSERT INTO "monster_typ_effektiv_gegen" VALUES(23,11,10);
INSERT INTO "monster_typ_effektiv_gegen" VALUES(24,11,19);
INSERT INTO "monster_typ_effektiv_gegen" VALUES(25,4,2);
INSERT INTO "monster_typ_effektiv_gegen" VALUES(26,4,12);
INSERT INTO "monster_typ_effektiv_gegen" VALUES(27,4,22);
INSERT INTO "monster_typ_effektiv_gegen" VALUES(28,13,8);
INSERT INTO "monster_typ_effektiv_gegen" VALUES(29,13,11);
INSERT INTO "monster_typ_effektiv_gegen" VALUES(30,13,21);
INSERT INTO "monster_typ_effektiv_gegen" VALUES(31,18,2);
INSERT INTO "monster_typ_effektiv_gegen" VALUES(32,18,6);
INSERT INTO "monster_typ_effektiv_gegen" VALUES(33,12,22);
INSERT INTO "monster_typ_effektiv_gegen" VALUES(34,14,1);
INSERT INTO "monster_typ_effektiv_gegen" VALUES(35,14,11);
INSERT INTO "monster_typ_effektiv_gegen" VALUES(36,9,8);
INSERT INTO "monster_typ_effektiv_gegen" VALUES(37,9,9);
INSERT INTO "monster_typ_effektiv_gegen" VALUES(38,9,21);
INSERT INTO "monster_typ_effektiv_gegen" VALUES(39,9,13);
INSERT INTO "monster_typ_effektiv_gegen" VALUES(40,11,9);
INSERT INTO "monster_typ_effektiv_gegen" VALUES(41,7,23);
INSERT INTO "monster_typ_effektiv_gegen" VALUES(42,5,8);
INSERT INTO "monster_typ_effektiv_gegen" VALUES(43,5,22);
INSERT INTO "monster_typ_effektiv_gegen" VALUES(44,22,18);
INSERT INTO "monster_typ_effektiv_gegen" VALUES(45,22,3);
INSERT INTO "monster_typ_effektiv_gegen" VALUES(46,22,6);
INSERT INTO "monster_typ_effektiv_gegen" VALUES(47,17,8);
INSERT INTO "monster_typ_effektiv_gegen" VALUES(48,17,17);
INSERT INTO "monster_typ_effektiv_gegen" VALUES(50,2,12);
INSERT INTO "monster_typ_effektiv_gegen" VALUES(51,2,5);
INSERT INTO "monster_typ_effektiv_gegen" VALUES(52,21,8);
INSERT INTO "monster_typ_effektiv_gegen" VALUES(53,21,2);
INSERT INTO "monster_typ_effektiv_gegen" VALUES(54,21,11);
INSERT INTO "monster_typ_effektiv_gegen" VALUES(55,21,4);
INSERT INTO "monster_typ_effektiv_gegen" VALUES(56,3,18);
INSERT INTO "monster_typ_effektiv_gegen" VALUES(57,3,20);
INSERT INTO "monster_typ_effektiv_gegen" VALUES(58,3,4);
INSERT INTO "monster_typ_effektiv_gegen" VALUES(59,3,6);
INSERT INTO "monster_typ_effektiv_gegen" VALUES(60,3,7);
CREATE TABLE "monster_typ_schwach_gegen" ("id" integer NOT NULL PRIMARY KEY AUTOINCREMENT, "from_typ_id" integer NOT NULL REFERENCES "monster_typ" ("id") DEFERRABLE INITIALLY DEFERRED, "to_typ_id" integer NOT NULL REFERENCES "monster_typ" ("id") DEFERRABLE INITIALLY DEFERRED);
INSERT INTO "monster_typ_schwach_gegen" VALUES(2,5,1);
INSERT INTO "monster_typ_schwach_gegen" VALUES(3,6,3);
INSERT INTO "monster_typ_schwach_gegen" VALUES(4,7,1);
INSERT INTO "monster_typ_schwach_gegen" VALUES(5,6,9);
INSERT INTO "monster_typ_schwach_gegen" VALUES(6,6,11);
INSERT INTO "monster_typ_schwach_gegen" VALUES(8,6,7);
INSERT INTO "monster_typ_schwach_gegen" VALUES(9,19,10);
INSERT INTO "monster_typ_schwach_gegen" VALUES(11,23,18);
INSERT INTO "monster_typ_schwach_gegen" VALUES(12,23,6);
INSERT INTO "monster_typ_schwach_gegen" VALUES(13,23,7);
INSERT INTO "monster_typ_schwach_gegen" VALUES(14,1,18);
INSERT INTO "monster_typ_schwach_gegen" VALUES(16,1,6);
INSERT INTO "monster_typ_schwach_gegen" VALUES(17,1,22);
INSERT INTO "monster_typ_schwach_gegen" VALUES(18,19,19);
INSERT INTO "monster_typ_schwach_gegen" VALUES(19,19,21);
INSERT INTO "monster_typ_schwach_gegen" VALUES(20,19,23);
INSERT INTO "monster_typ_schwach_gegen" VALUES(21,23,20);
INSERT INTO "monster_typ_schwach_gegen" VALUES(22,20,18);
INSERT INTO "monster_typ_schwach_gegen" VALUES(23,20,3);
INSERT INTO "monster_typ_schwach_gegen" VALUES(24,20,6);
INSERT INTO "monster_typ_schwach_gegen" VALUES(25,20,14);
INSERT INTO "monster_typ_schwach_gegen" VALUES(27,11,21);
INSERT INTO "monster_typ_schwach_gegen" VALUES(28,11,14);
INSERT INTO "monster_typ_schwach_gegen" VALUES(29,4,9);
INSERT INTO "monster_typ_schwach_gegen" VALUES(30,4,21);
INSERT INTO "monster_typ_schwach_gegen" VALUES(31,4,17);
INSERT INTO "monster_typ_schwach_gegen" VALUES(32,13,9);
INSERT INTO "monster_typ_schwach_gegen" VALUES(33,18,17);
INSERT INTO "monster_typ_schwach_gegen" VALUES(34,18,22);
INSERT INTO "monster_typ_schwach_gegen" VALUES(35,10,10);
INSERT INTO "monster_typ_schwach_gegen" VALUES(36,10,19);
INSERT INTO "monster_typ_schwach_gegen" VALUES(37,12,9);
INSERT INTO "monster_typ_schwach_gegen" VALUES(38,12,2);
INSERT INTO "monster_typ_schwach_gegen" VALUES(39,12,11);
INSERT INTO "monster_typ_schwach_gegen" VALUES(40,12,21);
INSERT INTO "monster_typ_schwach_gegen" VALUES(41,12,23);
INSERT INTO "monster_typ_schwach_gegen" VALUES(42,14,9);
INSERT INTO "monster_typ_schwach_gegen" VALUES(43,14,21);
INSERT INTO "monster_typ_schwach_gegen" VALUES(44,9,11);
INSERT INTO "monster_typ_schwach_gegen" VALUES(45,9,7);
INSERT INTO "monster_typ_schwach_gegen" VALUES(46,7,3);
INSERT INTO "monster_typ_schwach_gegen" VALUES(47,7,20);
INSERT INTO "monster_typ_schwach_gegen" VALUES(48,8,7);
INSERT INTO "monster_typ_schwach_gegen" VALUES(49,8,23);
INSERT INTO "monster_typ_schwach_gegen" VALUES(50,5,10);
INSERT INTO "monster_typ_schwach_gegen" VALUES(51,5,19);
INSERT INTO "monster_typ_schwach_gegen" VALUES(52,22,10);
INSERT INTO "monster_typ_schwach_gegen" VALUES(53,22,19);
INSERT INTO "monster_typ_schwach_gegen" VALUES(54,22,20);
INSERT INTO "monster_typ_schwach_gegen" VALUES(55,22,7);
INSERT INTO "monster_typ_schwach_gegen" VALUES(56,22,23);
INSERT INTO "monster_typ_schwach_gegen" VALUES(57,17,11);
INSERT INTO "monster_typ_schwach_gegen" VALUES(58,17,21);
INSERT INTO "monster_typ_schwach_gegen" VALUES(59,2,4);
INSERT INTO "monster_typ_schwach_gegen" VALUES(60,2,21);
INSERT INTO "monster_typ_schwach_gegen" VALUES(61,21,1);
INSERT INTO "monster_typ_schwach_gegen" VALUES(62,3,1);
INSERT INTO "monster_typ_schwach_gegen" VALUES(63,3,22);
CREATE TABLE "monster_monster_typen" ("id" integer NOT NULL PRIMARY KEY AUTOINCREMENT, "monster_id" integer NOT NULL REFERENCES "monster_monster" ("id") DEFERRABLE INITIALLY DEFERRED, "typ_id" integer NOT NULL REFERENCES "monster_typ" ("id") DEFERRABLE INITIALLY DEFERRED);
INSERT INTO "monster_monster_typen" VALUES(1,1,1);
INSERT INTO "monster_monster_typen" VALUES(2,1,2);
INSERT INTO "monster_monster_typen" VALUES(3,2,3);
INSERT INTO "monster_monster_typen" VALUES(4,2,5);
INSERT INTO "monster_monster_typen" VALUES(6,4,8);
INSERT INTO "monster_monster_typen" VALUES(7,4,9);
INSERT INTO "monster_monster_typen" VALUES(8,5,2);
INSERT INTO "monster_monster_typen" VALUES(9,5,10);
INSERT INTO "monster_monster_typen" VALUES(10,5,11);
INSERT INTO "monster_monster_typen" VALUES(11,6,2);
INSERT INTO "monster_monster_typen" VALUES(12,6,10);
INSERT INTO "monster_monster_typen" VALUES(13,6,1);
INSERT INTO "monster_monster_typen" VALUES(14,7,2);
INSERT INTO "monster_monster_typen" VALUES(15,7,11);
INSERT INTO "monster_monster_typen" VALUES(16,8,12);
INSERT INTO "monster_monster_typen" VALUES(17,8,6);
INSERT INTO "monster_monster_typen" VALUES(18,9,6);
INSERT INTO "monster_monster_typen" VALUES(19,9,12);
INSERT INTO "monster_monster_typen" VALUES(20,10,10);
INSERT INTO "monster_monster_typen" VALUES(21,10,3);
INSERT INTO "monster_monster_typen" VALUES(22,11,11);
INSERT INTO "monster_monster_typen" VALUES(23,11,13);
INSERT INTO "monster_monster_typen" VALUES(24,12,1);
INSERT INTO "monster_monster_typen" VALUES(25,12,14);
INSERT INTO "monster_monster_typen" VALUES(26,12,7);
INSERT INTO "monster_monster_typen" VALUES(27,13,7);
INSERT INTO "monster_monster_typen" VALUES(28,14,12);
INSERT INTO "monster_monster_typen" VALUES(29,15,2);
INSERT INTO "monster_monster_typen" VALUES(30,15,17);
INSERT INTO "monster_monster_typen" VALUES(31,16,4);
INSERT INTO "monster_monster_typen" VALUES(32,16,8);
INSERT INTO "monster_monster_typen" VALUES(33,17,8);
INSERT INTO "monster_monster_typen" VALUES(34,17,2);
INSERT INTO "monster_monster_typen" VALUES(35,18,6);
INSERT INTO "monster_monster_typen" VALUES(36,18,18);
INSERT INTO "monster_monster_typen" VALUES(37,19,7);
INSERT INTO "monster_monster_typen" VALUES(38,19,2);
INSERT INTO "monster_monster_typen" VALUES(39,20,7);
INSERT INTO "monster_monster_typen" VALUES(40,20,2);
INSERT INTO "monster_monster_typen" VALUES(41,3,8);
INSERT INTO "monster_monster_typen" VALUES(42,3,9);
INSERT INTO "monster_monster_typen" VALUES(43,21,7);
INSERT INTO "monster_monster_typen" VALUES(44,21,19);
INSERT INTO "monster_monster_typen" VALUES(45,22,18);
INSERT INTO "monster_monster_typen" VALUES(46,23,11);
INSERT INTO "monster_monster_typen" VALUES(47,23,13);
INSERT INTO "monster_monster_typen" VALUES(48,24,17);
INSERT INTO "monster_monster_typen" VALUES(49,24,2);
INSERT INTO "monster_monster_typen" VALUES(50,25,2);
INSERT INTO "monster_monster_typen" VALUES(51,25,17);
INSERT INTO "monster_monster_typen" VALUES(52,26,20);
INSERT INTO "monster_monster_typen" VALUES(53,26,2);
INSERT INTO "monster_monster_typen" VALUES(54,27,20);
INSERT INTO "monster_monster_typen" VALUES(55,27,2);
INSERT INTO "monster_monster_typen" VALUES(56,21,2);
INSERT INTO "monster_monster_typen" VALUES(57,23,2);
INSERT INTO "monster_monster_typen" VALUES(58,28,12);
INSERT INTO "monster_monster_typen" VALUES(59,28,5);
INSERT INTO "monster_monster_typen" VALUES(60,29,8);
INSERT INTO "monster_monster_typen" VALUES(61,29,2);
INSERT INTO "monster_monster_typen" VALUES(62,30,12);
INSERT INTO "monster_monster_typen" VALUES(63,31,1);
INSERT INTO "monster_monster_typen" VALUES(64,31,2);
INSERT INTO "monster_monster_typen" VALUES(65,31,17);
INSERT INTO "monster_monster_typen" VALUES(66,32,3);
INSERT INTO "monster_monster_typen" VALUES(67,32,11);
INSERT INTO "monster_monster_typen" VALUES(68,33,6);
INSERT INTO "monster_monster_typen" VALUES(69,33,10);
INSERT INTO "monster_monster_typen" VALUES(70,34,7);
INSERT INTO "monster_monster_typen" VALUES(71,34,14);
INSERT INTO "monster_monster_typen" VALUES(72,34,20);
INSERT INTO "monster_monster_typen" VALUES(73,35,11);
INSERT INTO "monster_monster_typen" VALUES(74,35,2);
INSERT INTO "monster_monster_typen" VALUES(75,35,13);
INSERT INTO "monster_monster_typen" VALUES(76,35,10);
INSERT INTO "monster_monster_typen" VALUES(77,35,9);
INSERT INTO "monster_monster_typen" VALUES(78,36,7);
INSERT INTO "monster_monster_typen" VALUES(79,36,17);
INSERT INTO "monster_monster_typen" VALUES(80,37,8);
INSERT INTO "monster_monster_typen" VALUES(81,38,8);
INSERT INTO "monster_monster_typen" VALUES(82,39,7);
INSERT INTO "monster_monster_typen" VALUES(83,40,1);
INSERT INTO "monster_monster_typen" VALUES(84,40,2);
INSERT INTO "monster_monster_typen" VALUES(85,40,17);
INSERT INTO "monster_monster_typen" VALUES(86,40,9);
INSERT INTO "monster_monster_typen" VALUES(87,41,8);
INSERT INTO "monster_monster_typen" VALUES(88,41,2);
INSERT INTO "monster_monster_typen" VALUES(89,42,8);
INSERT INTO "monster_monster_typen" VALUES(90,43,1);
INSERT INTO "monster_monster_typen" VALUES(91,43,10);
INSERT INTO "monster_monster_typen" VALUES(92,44,7);
INSERT INTO "monster_monster_typen" VALUES(93,44,10);
INSERT INTO "monster_monster_typen" VALUES(94,44,5);
INSERT INTO "monster_monster_typen" VALUES(95,45,4);
INSERT INTO "monster_monster_typen" VALUES(96,45,1);
INSERT INTO "monster_monster_typen" VALUES(97,45,7);
INSERT INTO "monster_monster_typen" VALUES(98,46,6);
INSERT INTO "monster_monster_typen" VALUES(99,47,1);
INSERT INTO "monster_monster_typen" VALUES(100,47,2);
INSERT INTO "monster_monster_typen" VALUES(101,47,3);
INSERT INTO "monster_monster_typen" VALUES(102,48,17);
INSERT INTO "monster_monster_typen" VALUES(103,48,13);
INSERT INTO "monster_monster_typen" VALUES(104,49,8);
INSERT INTO "monster_monster_typen" VALUES(105,50,8);
INSERT INTO "monster_monster_typen" VALUES(106,51,8);
INSERT INTO "monster_monster_typen" VALUES(107,51,2);
INSERT INTO "monster_monster_typen" VALUES(108,52,2);
INSERT INTO "monster_monster_typen" VALUES(109,52,17);
INSERT INTO "monster_monster_typen" VALUES(110,53,2);
INSERT INTO "monster_monster_typen" VALUES(111,53,8);
INSERT INTO "monster_monster_typen" VALUES(112,54,5);
INSERT INTO "monster_monster_typen" VALUES(113,54,12);
INSERT INTO "monster_monster_typen" VALUES(114,55,18);
INSERT INTO "monster_monster_typen" VALUES(115,56,20);
INSERT INTO "monster_monster_typen" VALUES(116,57,20);
INSERT INTO "monster_monster_typen" VALUES(117,58,20);
INSERT INTO "monster_monster_typen" VALUES(118,58,2);
INSERT INTO "monster_monster_typen" VALUES(119,59,3);
INSERT INTO "monster_monster_typen" VALUES(120,59,11);
INSERT INTO "monster_monster_typen" VALUES(121,59,10);
INSERT INTO "monster_monster_typen" VALUES(122,60,3);
INSERT INTO "monster_monster_typen" VALUES(123,61,3);
INSERT INTO "monster_monster_typen" VALUES(124,62,3);
INSERT INTO "monster_monster_typen" VALUES(125,63,2);
INSERT INTO "monster_monster_typen" VALUES(126,63,20);
INSERT INTO "monster_monster_typen" VALUES(127,64,12);
INSERT INTO "monster_monster_typen" VALUES(128,64,4);
INSERT INTO "monster_monster_typen" VALUES(129,65,9);
INSERT INTO "monster_monster_typen" VALUES(130,65,2);
INSERT INTO "monster_monster_typen" VALUES(131,66,12);
INSERT INTO "monster_monster_typen" VALUES(132,66,4);
INSERT INTO "monster_monster_typen" VALUES(133,67,4);
INSERT INTO "monster_monster_typen" VALUES(134,67,12);
INSERT INTO "monster_monster_typen" VALUES(135,68,4);
INSERT INTO "monster_monster_typen" VALUES(136,68,12);
INSERT INTO "monster_monster_typen" VALUES(137,68,10);
INSERT INTO "monster_monster_typen" VALUES(138,69,3);
INSERT INTO "monster_monster_typen" VALUES(139,70,2);
INSERT INTO "monster_monster_typen" VALUES(140,70,13);
INSERT INTO "monster_monster_typen" VALUES(141,71,4);
INSERT INTO "monster_monster_typen" VALUES(142,71,8);
INSERT INTO "monster_monster_typen" VALUES(143,72,20);
INSERT INTO "monster_monster_typen" VALUES(144,72,6);
INSERT INTO "monster_monster_typen" VALUES(145,73,7);
INSERT INTO "monster_monster_typen" VALUES(146,73,19);
INSERT INTO "monster_monster_typen" VALUES(147,74,2);
INSERT INTO "monster_monster_typen" VALUES(148,74,9);
INSERT INTO "monster_monster_typen" VALUES(149,75,2);
INSERT INTO "monster_monster_typen" VALUES(150,75,13);
INSERT INTO "monster_monster_typen" VALUES(151,76,6);
INSERT INTO "monster_monster_typen" VALUES(152,76,10);
INSERT INTO "monster_monster_typen" VALUES(153,77,5);
INSERT INTO "monster_monster_typen" VALUES(154,77,12);
INSERT INTO "monster_monster_typen" VALUES(155,77,10);
INSERT INTO "monster_monster_typen" VALUES(156,78,23);
INSERT INTO "monster_monster_typen" VALUES(157,78,2);
INSERT INTO "monster_monster_typen" VALUES(158,79,23);
INSERT INTO "monster_monster_typen" VALUES(159,79,2);
INSERT INTO "monster_monster_typen" VALUES(160,80,10);
INSERT INTO "monster_monster_typen" VALUES(161,80,19);
INSERT INTO "monster_monster_typen" VALUES(162,81,6);
INSERT INTO "monster_monster_typen" VALUES(163,81,10);
INSERT INTO "monster_monster_typen" VALUES(164,82,8);
INSERT INTO "monster_monster_typen" VALUES(165,83,19);
INSERT INTO "monster_monster_typen" VALUES(166,84,2);
INSERT INTO "monster_monster_typen" VALUES(167,84,21);
INSERT INTO "monster_monster_typen" VALUES(168,85,2);
INSERT INTO "monster_monster_typen" VALUES(169,85,8);
INSERT INTO "monster_monster_typen" VALUES(170,86,7);
INSERT INTO "monster_monster_typen" VALUES(171,86,1);
INSERT INTO "monster_monster_typen" VALUES(172,87,6);
INSERT INTO "monster_monster_typen" VALUES(173,88,6);
INSERT INTO "monster_monster_typen" VALUES(174,89,13);
INSERT INTO "monster_monster_typen" VALUES(175,89,11);
INSERT INTO "monster_monster_typen" VALUES(176,89,2);
INSERT INTO "monster_monster_typen" VALUES(177,90,19);
INSERT INTO "monster_monster_typen" VALUES(178,91,3);
INSERT INTO "monster_monster_typen" VALUES(179,91,22);
INSERT INTO "monster_monster_typen" VALUES(180,92,11);
INSERT INTO "monster_monster_typen" VALUES(181,93,20);
INSERT INTO "monster_monster_typen" VALUES(182,93,2);
INSERT INTO "monster_monster_typen" VALUES(183,94,21);
INSERT INTO "monster_monster_typen" VALUES(184,94,4);
INSERT INTO "monster_monster_typen" VALUES(185,95,6);
INSERT INTO "monster_monster_typen" VALUES(186,95,3);
INSERT INTO "monster_monster_typen" VALUES(187,96,17);
INSERT INTO "monster_monster_typen" VALUES(188,96,2);
INSERT INTO "monster_monster_typen" VALUES(189,97,23);
INSERT INTO "monster_monster_typen" VALUES(190,97,2);
INSERT INTO "monster_monster_typen" VALUES(191,98,3);
INSERT INTO "monster_monster_typen" VALUES(192,98,21);
INSERT INTO "monster_monster_typen" VALUES(193,98,23);
INSERT INTO "monster_monster_typen" VALUES(194,99,13);
INSERT INTO "monster_monster_typen" VALUES(195,99,2);
INSERT INTO "monster_monster_typen" VALUES(196,99,11);
INSERT INTO "monster_monster_typen" VALUES(197,100,7);
INSERT INTO "monster_monster_typen" VALUES(198,100,2);
INSERT INTO "monster_monster_typen" VALUES(199,101,1);
INSERT INTO "monster_monster_typen" VALUES(200,101,2);
INSERT INTO "monster_monster_typen" VALUES(201,102,2);
INSERT INTO "monster_monster_typen" VALUES(202,102,8);
INSERT INTO "monster_monster_typen" VALUES(203,103,2);
INSERT INTO "monster_monster_typen" VALUES(204,103,11);
INSERT INTO "monster_monster_typen" VALUES(205,103,13);
INSERT INTO "monster_monster_typen" VALUES(206,104,22);
INSERT INTO "monster_monster_typen" VALUES(207,104,6);
INSERT INTO "monster_monster_typen" VALUES(208,104,11);
INSERT INTO "monster_monster_typen" VALUES(209,105,18);
INSERT INTO "monster_monster_typen" VALUES(210,105,9);
INSERT INTO "monster_monster_typen" VALUES(211,106,18);
INSERT INTO "monster_monster_typen" VALUES(212,107,2);
INSERT INTO "monster_monster_typen" VALUES(213,107,8);
INSERT INTO "monster_monster_typen" VALUES(214,108,8);
INSERT INTO "monster_monster_typen" VALUES(215,109,8);
INSERT INTO "monster_monster_typen" VALUES(216,110,8);
INSERT INTO "monster_monster_typen" VALUES(217,111,8);
INSERT INTO "monster_monster_typen" VALUES(218,112,1);
INSERT INTO "monster_monster_typen" VALUES(219,112,2);
INSERT INTO "monster_monster_typen" VALUES(220,113,8);
INSERT INTO "monster_monster_typen" VALUES(221,114,2);
INSERT INTO "monster_monster_typen" VALUES(222,114,11);
INSERT INTO "monster_monster_typen" VALUES(223,114,13);
INSERT INTO "monster_monster_typen" VALUES(224,115,3);
INSERT INTO "monster_monster_typen" VALUES(225,115,10);
INSERT INTO "monster_monster_typen" VALUES(226,116,3);
INSERT INTO "monster_monster_typen" VALUES(227,117,2);
INSERT INTO "monster_monster_typen" VALUES(228,117,17);
INSERT INTO "monster_monster_typen" VALUES(229,118,22);
INSERT INTO "monster_monster_typen" VALUES(230,119,2);
INSERT INTO "monster_monster_typen" VALUES(231,119,20);
INSERT INTO "monster_monster_typen" VALUES(232,119,13);
INSERT INTO "monster_monster_typen" VALUES(233,120,2);
INSERT INTO "monster_monster_typen" VALUES(234,120,20);
INSERT INTO "monster_monster_typen" VALUES(235,120,13);
INSERT INTO "monster_monster_typen" VALUES(236,121,8);
INSERT INTO "monster_monster_typen" VALUES(237,122,7);
INSERT INTO "monster_monster_typen" VALUES(238,122,1);
INSERT INTO "monster_monster_typen" VALUES(239,123,4);
INSERT INTO "monster_monster_typen" VALUES(240,124,2);
INSERT INTO "monster_monster_typen" VALUES(241,124,1);
INSERT INTO "monster_monster_typen" VALUES(242,124,17);
INSERT INTO "monster_monster_typen" VALUES(243,125,19);
INSERT INTO "monster_monster_typen" VALUES(244,125,7);
INSERT INTO "monster_monster_typen" VALUES(245,126,7);
INSERT INTO "monster_monster_typen" VALUES(246,126,19);
INSERT INTO "monster_monster_typen" VALUES(247,127,2);
INSERT INTO "monster_monster_typen" VALUES(248,127,13);
INSERT INTO "monster_monster_typen" VALUES(249,128,19);
INSERT INTO "monster_monster_typen" VALUES(250,128,7);
INSERT INTO "monster_monster_typen" VALUES(251,129,2);
INSERT INTO "monster_monster_typen" VALUES(252,129,11);
INSERT INTO "monster_monster_typen" VALUES(253,130,19);
INSERT INTO "monster_monster_typen" VALUES(254,130,7);
INSERT INTO "monster_monster_typen" VALUES(255,131,12);
INSERT INTO "monster_monster_typen" VALUES(256,131,5);
INSERT INTO "monster_monster_typen" VALUES(257,131,6);
INSERT INTO "monster_monster_typen" VALUES(258,132,1);
INSERT INTO "monster_monster_typen" VALUES(259,132,7);
INSERT INTO "monster_monster_typen" VALUES(260,133,4);
INSERT INTO "monster_monster_typen" VALUES(261,133,17);
INSERT INTO "monster_monster_typen" VALUES(262,134,2);
INSERT INTO "monster_monster_typen" VALUES(263,134,11);
INSERT INTO "monster_monster_typen" VALUES(264,135,6);
INSERT INTO "monster_monster_typen" VALUES(265,135,22);
INSERT INTO "monster_monster_typen" VALUES(266,136,2);
INSERT INTO "monster_monster_typen" VALUES(267,136,9);
INSERT INTO "monster_monster_typen" VALUES(268,137,18);
INSERT INTO "monster_monster_typen" VALUES(269,138,20);
INSERT INTO "monster_monster_typen" VALUES(270,138,11);
INSERT INTO "monster_monster_typen" VALUES(271,138,2);
INSERT INTO "monster_monster_typen" VALUES(272,138,13);
INSERT INTO "monster_monster_typen" VALUES(273,139,6);
INSERT INTO "monster_monster_typen" VALUES(274,139,22);
INSERT INTO "monster_monster_typen" VALUES(275,139,10);
INSERT INTO "monster_monster_typen" VALUES(276,140,13);
INSERT INTO "monster_monster_typen" VALUES(277,140,11);
INSERT INTO "monster_monster_typen" VALUES(278,141,22);
INSERT INTO "monster_monster_typen" VALUES(279,141,6);
INSERT INTO "monster_monster_typen" VALUES(280,142,11);
INSERT INTO "monster_monster_typen" VALUES(281,142,6);
INSERT INTO "monster_monster_typen" VALUES(282,143,1);
INSERT INTO "monster_monster_typen" VALUES(283,144,6);
INSERT INTO "monster_monster_typen" VALUES(284,144,22);
INSERT INTO "monster_monster_typen" VALUES(285,145,2);
INSERT INTO "monster_monster_typen" VALUES(286,145,18);
INSERT INTO "monster_monster_typen" VALUES(287,146,2);
INSERT INTO "monster_monster_typen" VALUES(288,146,18);
INSERT INTO "monster_monster_typen" VALUES(289,146,9);
INSERT INTO "monster_monster_typen" VALUES(290,147,8);
INSERT INTO "monster_monster_typen" VALUES(291,148,8);
INSERT INTO "monster_monster_typen" VALUES(292,149,22);
INSERT INTO "monster_monster_typen" VALUES(293,149,6);
INSERT INTO "monster_monster_typen" VALUES(294,149,10);
INSERT INTO "monster_monster_typen" VALUES(295,150,8);
INSERT INTO "monster_monster_typen" VALUES(296,150,2);
INSERT INTO "monster_monster_typen" VALUES(297,151,3);
INSERT INTO "monster_monster_typen" VALUES(298,151,14);
INSERT INTO "monster_monster_typen" VALUES(299,152,12);
INSERT INTO "monster_monster_typen" VALUES(300,152,19);
INSERT INTO "monster_monster_typen" VALUES(301,153,18);
INSERT INTO "monster_monster_typen" VALUES(302,154,18);
INSERT INTO "monster_monster_typen" VALUES(303,155,18);
INSERT INTO "monster_monster_typen" VALUES(304,156,8);
INSERT INTO "monster_monster_typen" VALUES(305,156,2);
INSERT INTO "monster_monster_typen" VALUES(306,157,2);
INSERT INTO "monster_monster_typen" VALUES(307,157,8);
INSERT INTO "monster_monster_typen" VALUES(308,158,11);
INSERT INTO "monster_monster_typen" VALUES(309,158,2);
INSERT INTO "monster_monster_typen" VALUES(310,159,11);
INSERT INTO "monster_monster_typen" VALUES(311,159,2);
INSERT INTO "monster_monster_typen" VALUES(312,160,8);
INSERT INTO "monster_monster_typen" VALUES(313,160,17);
INSERT INTO "monster_monster_typen" VALUES(314,161,9);
INSERT INTO "monster_monster_typen" VALUES(315,162,3);
INSERT INTO "monster_monster_typen" VALUES(316,163,22);
INSERT INTO "monster_monster_typen" VALUES(317,163,3);
INSERT INTO "monster_monster_typen" VALUES(318,164,3);
INSERT INTO "monster_monster_typen" VALUES(319,165,10);
INSERT INTO "monster_monster_typen" VALUES(320,166,10);
INSERT INTO "monster_monster_typen" VALUES(321,166,19);
INSERT INTO "monster_monster_typen" VALUES(322,167,4);
INSERT INTO "monster_monster_typen" VALUES(323,168,1);
INSERT INTO "monster_monster_typen" VALUES(324,168,14);
INSERT INTO "monster_monster_typen" VALUES(325,168,2);
INSERT INTO "monster_monster_typen" VALUES(326,169,1);
INSERT INTO "monster_monster_typen" VALUES(327,169,14);
INSERT INTO "monster_monster_typen" VALUES(328,169,2);
INSERT INTO "monster_monster_typen" VALUES(329,170,12);
INSERT INTO "monster_monster_typen" VALUES(330,171,2);
INSERT INTO "monster_monster_typen" VALUES(331,171,8);
INSERT INTO "monster_monster_typen" VALUES(332,172,3);
INSERT INTO "monster_monster_typen" VALUES(333,173,13);
INSERT INTO "monster_monster_typen" VALUES(334,173,11);
INSERT INTO "monster_monster_typen" VALUES(335,174,13);
INSERT INTO "monster_monster_typen" VALUES(336,175,13);
INSERT INTO "monster_monster_typen" VALUES(337,175,10);
INSERT INTO "monster_monster_typen" VALUES(338,175,2);
INSERT INTO "monster_monster_typen" VALUES(339,176,7);
INSERT INTO "monster_monster_typen" VALUES(340,176,9);
INSERT INTO "monster_monster_typen" VALUES(341,177,4);
INSERT INTO "monster_monster_typen" VALUES(342,177,9);
INSERT INTO "monster_monster_typen" VALUES(343,178,12);
INSERT INTO "monster_monster_typen" VALUES(344,179,12);
INSERT INTO "monster_monster_typen" VALUES(345,180,4);
INSERT INTO "monster_monster_typen" VALUES(346,180,8);
INSERT INTO "monster_monster_typen" VALUES(347,181,2);
INSERT INTO "monster_monster_typen" VALUES(348,181,11);
INSERT INTO "monster_monster_typen" VALUES(349,181,1);
INSERT INTO "monster_monster_typen" VALUES(350,182,20);
INSERT INTO "monster_monster_typen" VALUES(351,182,7);
INSERT INTO "monster_monster_typen" VALUES(352,183,1);
INSERT INTO "monster_monster_typen" VALUES(353,183,2);
INSERT INTO "monster_monster_typen" VALUES(354,184,2);
INSERT INTO "monster_monster_typen" VALUES(355,184,8);
INSERT INTO "monster_monster_typen" VALUES(356,185,2);
INSERT INTO "monster_monster_typen" VALUES(357,185,8);
INSERT INTO "monster_monster_typen" VALUES(358,186,9);
INSERT INTO "monster_monster_typen" VALUES(359,186,5);
INSERT INTO "monster_monster_typen" VALUES(360,187,7);
INSERT INTO "monster_monster_typen" VALUES(361,187,2);
INSERT INTO "monster_monster_typen" VALUES(362,188,6);
INSERT INTO "monster_monster_typen" VALUES(363,188,22);
INSERT INTO "monster_monster_typen" VALUES(364,189,6);
INSERT INTO "monster_monster_typen" VALUES(365,189,22);
INSERT INTO "monster_monster_typen" VALUES(366,189,10);
INSERT INTO "monster_monster_typen" VALUES(367,190,9);
INSERT INTO "monster_monster_typen" VALUES(368,191,1);
INSERT INTO "monster_monster_typen" VALUES(369,191,13);
INSERT INTO "monster_monster_typen" VALUES(370,192,9);
INSERT INTO "monster_monster_typen" VALUES(371,193,4);
INSERT INTO "monster_monster_typen" VALUES(372,194,9);
INSERT INTO "monster_monster_typen" VALUES(373,195,2);
INSERT INTO "monster_monster_typen" VALUES(374,196,7);
INSERT INTO "monster_monster_typen" VALUES(375,196,19);
INSERT INTO "monster_monster_typen" VALUES(376,197,19);
INSERT INTO "monster_monster_typen" VALUES(377,197,9);
INSERT INTO "monster_monster_typen" VALUES(378,198,8);
INSERT INTO "monster_monster_typen" VALUES(379,198,2);
INSERT INTO "monster_monster_typen" VALUES(380,199,8);
INSERT INTO "monster_monster_typen" VALUES(381,200,2);
INSERT INTO "monster_monster_typen" VALUES(382,200,1);
INSERT INTO "monster_monster_typen" VALUES(383,200,14);
INSERT INTO "monster_monster_typen" VALUES(384,201,8);
INSERT INTO "monster_monster_typen" VALUES(385,202,7);
INSERT INTO "monster_monster_typen" VALUES(386,202,9);
INSERT INTO "monster_monster_typen" VALUES(387,203,9);
INSERT INTO "monster_monster_typen" VALUES(388,203,4);
INSERT INTO "monster_monster_typen" VALUES(389,204,9);
INSERT INTO "monster_monster_typen" VALUES(390,204,11);
INSERT INTO "monster_monster_typen" VALUES(391,204,2);
INSERT INTO "monster_monster_typen" VALUES(392,205,2);
INSERT INTO "monster_monster_typen" VALUES(393,205,11);
INSERT INTO "monster_monster_typen" VALUES(394,205,13);
INSERT INTO "monster_monster_typen" VALUES(395,206,9);
INSERT INTO "monster_monster_typen" VALUES(396,207,9);
INSERT INTO "monster_monster_typen" VALUES(397,208,9);
INSERT INTO "monster_monster_typen" VALUES(398,209,4);
INSERT INTO "monster_monster_typen" VALUES(399,209,1);
INSERT INTO "monster_monster_typen" VALUES(400,210,5);
INSERT INTO "monster_monster_typen" VALUES(401,210,10);
INSERT INTO "monster_monster_typen" VALUES(402,211,9);
INSERT INTO "monster_monster_typen" VALUES(403,211,2);
INSERT INTO "monster_monster_typen" VALUES(404,212,10);
INSERT INTO "monster_monster_typen" VALUES(405,212,11);
INSERT INTO "monster_monster_typen" VALUES(406,213,2);
INSERT INTO "monster_monster_typen" VALUES(407,213,8);
INSERT INTO "monster_monster_typen" VALUES(408,214,6);
INSERT INTO "monster_monster_typen" VALUES(409,215,18);
INSERT INTO "monster_monster_typen" VALUES(410,216,19);
INSERT INTO "monster_monster_typen" VALUES(411,216,7);
INSERT INTO "monster_monster_typen" VALUES(412,216,9);
INSERT INTO "monster_monster_typen" VALUES(413,217,22);
INSERT INTO "monster_monster_typen" VALUES(414,217,6);
INSERT INTO "monster_monster_typen" VALUES(415,218,8);
INSERT INTO "monster_monster_typen" VALUES(416,219,8);
INSERT INTO "monster_monster_typen" VALUES(417,220,8);
INSERT INTO "monster_monster_typen" VALUES(418,220,19);
INSERT INTO "monster_monster_typen" VALUES(419,221,18);
INSERT INTO "monster_monster_typen" VALUES(420,222,18);
INSERT INTO "monster_monster_typen" VALUES(421,223,2);
INSERT INTO "monster_monster_typen" VALUES(422,223,8);
INSERT INTO "monster_monster_typen" VALUES(423,224,2);
INSERT INTO "monster_monster_typen" VALUES(424,224,7);
INSERT INTO "monster_monster_typen" VALUES(425,225,2);
INSERT INTO "monster_monster_typen" VALUES(426,225,7);
INSERT INTO "monster_monster_typen" VALUES(427,226,19);
INSERT INTO "monster_monster_typen" VALUES(428,227,19);
INSERT INTO "monster_monster_typen" VALUES(429,227,5);
INSERT INTO "monster_monster_typen" VALUES(430,228,2);
INSERT INTO "monster_monster_typen" VALUES(431,228,7);
INSERT INTO "monster_monster_typen" VALUES(432,228,9);
INSERT INTO "monster_monster_typen" VALUES(433,229,1);
INSERT INTO "monster_monster_typen" VALUES(434,229,18);
INSERT INTO "monster_monster_typen" VALUES(435,229,6);
CREATE TABLE "monster_attacke" ("id" integer NOT NULL PRIMARY KEY AUTOINCREMENT, "titel" varchar(20) NOT NULL UNIQUE, "schaden" varchar(20) NULL, "beschreibung" text NULL);
INSERT INTO "monster_attacke" VALUES(1,'Spannungsblitz','4W8','Macht so viel Schaden beim Gegner, wie der Anwender selbst auch erhalten will und dann auch wird.');
INSERT INTO "monster_attacke" VALUES(2,'Elektrosto','3W8','Rammt den Gegner, whrend der Angreifer sich selbst in Elektrizitt hllt.');
INSERT INTO "monster_attacke" VALUES(3,'Entladung','5W6','Der Angreifer nutzt seine gesamte Energie, um das Ziel zu berladen. Der Anwender ist danach eine Runde paralysiert und das Ziel fr drei Runden bewusstlos.');
INSERT INTO "monster_attacke" VALUES(4,'Kopfnuss','2W6','Der Anwender schleudert sich mit dem Kopf voran auf das Ziel.');
INSERT INTO "monster_attacke" VALUES(5,'Enzymschleuder','5W8','Schleudert eine Ladung hochaktiver Enzyme auf das Ziel, die dieses langsam verdauen.');
INSERT INTO "monster_attacke" VALUES(6,'Schwanzhieb','3W6','Der Anwender nutzt seinen Schwanz als Waffe, um das Ziel damit zu schlagen.');
INSERT INTO "monster_attacke" VALUES(7,'Biss','3W4','Angriff mit dem Mundwerk.');
INSERT INTO "monster_attacke" VALUES(8,'Stachelregen','6W6','Der Anwender schleudert zahlreiche Projektile in die Luft, die anschlieend auf das Ziel einprasseln.');
INSERT INTO "monster_attacke" VALUES(9,'Schnitt','3W10','Eine Klinge schneidet sich in das Ziel, um dieses schwer zu verletzen.');
INSERT INTO "monster_attacke" VALUES(10,'Nadelgewehr','8W4','Schiet in extremer Geschwindigkeit feine Nadeln auf das Ziel.');
INSERT INTO "monster_attacke" VALUES(11,'Zermalmen','6W12','Der Anwender nimmt ein Krperteil, um das Ziel so platt wie mglich zu zermatschen.');
INSERT INTO "monster_attacke" VALUES(12,'Stampfer','4W10','Mit einem Krperteil wird das Ziel zerstampft.');
INSERT INTO "monster_attacke" VALUES(13,'Seitenhieb','4W8','Trifft das Ziel mit einem Schlag von der Seite.');
INSERT INTO "monster_attacke" VALUES(14,'Giftwolke','2W4','Hllt das Ziel in einer schdlichen Giftwolke ein. Diese macht jede weitere Runde den erstgewrfelten Schaden -1HP pro Runde Schaden.');
INSERT INTO "monster_attacke" VALUES(15,'Toxischer Schock','3W4','Ruft ein Gift hervor, dass den Gegner vergiftet. Wird die Attacke erneut gewirkt erhlt sie mit jedem Mal einen weiteren W4 Schaden.');
INSERT INTO "monster_attacke" VALUES(16,'Ersticken','2W6','Greift das Ziel mit einer dunklelmagischen Attacke an, die dem Ziel den Atem raubt. Dies hat keinen Effekt auf Ziele, die nicht atmen mssen.');
INSERT INTO "monster_attacke" VALUES(17,'Allergischer Schock','4W8','Ruft beim Ziel eine schwere Allergie durch toxische Substanzen hervor.');
INSERT INTO "monster_attacke" VALUES(18,'Durchbrennen','4W10','Ein elektrischer Impuls bringt alles zum Glhen und Schmelzen.');
INSERT INTO "monster_attacke" VALUES(19,'berladungssto','3W12','Der Anwender nimmt so viel Ladung wie mglich zusammen und schleudert diese auf den Gegner. Das Ziel ist danach zwei Runden paralysiert.');
INSERT INTO "monster_attacke" VALUES(20,'Unsichtbarer Schlag','4W4','Trifft das Ziel mit einer astralen Faust.');
INSERT INTO "monster_attacke" VALUES(21,'Sieh-Nicht-Her','5W8','Bewirkt, dass Gegner den Anwender kurzzeitig nicht mehr anschauen drfen. War die letzte Attacke des Gegners eine Nahkampf- oder Blickkontaktattacke, so macht der Angriff weitere 2W8 Schaden.');
INSERT INTO "monster_attacke" VALUES(22,'Spucken','1W4','Schleudert etwas Spucke auf den Gegner.');
INSERT INTO "monster_attacke" VALUES(23,'Sure','2W4','Vertzt das Ziel. Die Sure macht von da an jede weitere Runde einen W4 Schaden. Mehrfachangriffe verstrken diesen Effekt nicht.');
INSERT INTO "monster_attacke" VALUES(24,'Kreisklinge','2W6','Schleudert metallische Klingen auf das Ziel, die immer treffen und sich tief in die Haut schneiden.');
INSERT INTO "monster_attacke" VALUES(25,'Sgeblatt','3W4','Schleudert ein groes Sgeblatt auf das Ziel.');
INSERT INTO "monster_attacke" VALUES(26,'Schnapper','3W6','Anwender schnappt das Ziel und drckt mit dem Kiefer fest zu.');
INSERT INTO "monster_attacke" VALUES(27,'Sekretion','2W4','Anwender sondert ein toxisches Sekret ab und wirft etwas davon auf den Gegner. Alle Kontaktangriffe erhalten ab da +1W4 Schaden.');
INSERT INTO "monster_attacke" VALUES(28,'Manabombe','3W4','Erschafft aus Mana einen Sprengkrper, der das Ziel auch astral trifft.');
INSERT INTO "monster_attacke" VALUES(29,'Todeshauch','1W4+1W8','Lsst das Ziel glauben, es wrde sterben. Das Ziel ist fr eine Runden wahnsinnig und greift sich selbst mit einer zuflligen Attacke von sich an. Muss Schaden verursachen, damit der Effekt sich sich zeigt.');
INSERT INTO "monster_attacke" VALUES(30,'Laserstrahl','4W8','Schiet einen Strahl gefhrliches Licht auf das Ziel, um dort Verbrennungen hervorzurufen.');
INSERT INTO "monster_attacke" VALUES(31,'Traumatischer Schlag','2W6','Trifft das Ziel mit einem so intensiven Schlag, dass dieser das Ziel fr eine Runde auer Gefecht setzt. Es muss Schaden verursacht werden, damit der Effekt wirkt.');
INSERT INTO "monster_attacke" VALUES(32,'Volles Arsenal','5W10','Schleudert alle Waffen, die bereit sind auf das Ziel, um maximalen Schaden zu verursachen.');
INSERT INTO "monster_attacke" VALUES(33,'Pulverisieren','4W20','Nutzt einen Laserstrahl, um das Ziel auszulschen.');
INSERT INTO "monster_attacke" VALUES(34,'Einschern','5W20','Ein sehr heies Feuer bewirkt, dass das Ziel nahezu verglht.');
INSERT INTO "monster_attacke" VALUES(35,'Druckwelle','5W12','Mit Schall und Lrm wird das Opfer in einer Druckwelle anschlieend fr eine Runde paralysiert.');
INSERT INTO "monster_attacke" VALUES(36,'Bombardement','8W12','Mehrere Sprengkrper werden in einem Bombenregen auf das Ziel geschleudert.');
INSERT INTO "monster_attacke" VALUES(37,'Pikser','1W2','Sticht sanft in das Ziel, was dennoch etwas zwickt.');
INSERT INTO "monster_attacke" VALUES(38,'Kreisel','1W4','Anwender wirbelt etwas mit dem Krper herum, um das Ziel zu verletzen.');
INSERT INTO "monster_attacke" VALUES(39,'Rammen','2W4','Anwender luft auf das Ziel zu und rammt dieses. Der Anwender erhlt auch 2HP Schaden.');
INSERT INTO "monster_attacke" VALUES(40,'Schieben','2W4','Mit mechanischer Kraft kann der Gegner zurckgeschoben werden. Die gegnerische Kreatur musst zurckgenommen werden, wenn diese kleiner ist, als der Anwender.');
INSERT INTO "monster_attacke" VALUES(41,'Verdauen','4W10','Durch spezielle Verdauungssfte kann der Anwender das Ziel komplett in den Mund nehmen und darin langsam verdauen.');
INSERT INTO "monster_attacke" VALUES(42,'Tunnel','-','Grbt einen Tunnel, um zu fliehen.');
INSERT INTO "monster_attacke" VALUES(43,'Bohrer','3W4','Durchbohrt das Ziel oder beginnt zumindest mit dem Vorbohren.');
INSERT INTO "monster_attacke" VALUES(44,'Kantenschlag','2W6','Trifft das Ziel an einer sehr unangenehmen Stelle mit voller Kraft.');
INSERT INTO "monster_attacke" VALUES(45,'Zeitbombe','4W6','Wirft eine Bombe auf das Ziel, die auf Wunsch gezndet werden kann.');
INSERT INTO "monster_attacke" VALUES(46,'Hypnose','-','Die hypnotisierte Kreatur gehorcht einem beliebigen Befehl, wenn sie mindestens 50 Rnge schwcher ist.');
INSERT INTO "monster_attacke" VALUES(47,'Explosion','10W10','Extreme Explosion, die groen Schaden verursacht. Der Anwender erhlt selbigen Schaden.');
INSERT INTO "monster_attacke" VALUES(48,'Tritt','4W6','Tritt das Ziel mit Beinen und Fen.');
INSERT INTO "monster_attacke" VALUES(49,'Knaller','2W4','Wirft einige kleine Sprengkrper auf das Ziel, die dieses verwirren. In den nchsten drei Runden gehen Angriffe des Ziels mit einer 50%-igen Chance daneben.');
INSERT INTO "monster_attacke" VALUES(50,'Rakete','1W8','Schiet eine Rakete auf das Ziel, die dann beim Ziel hochgeht.');
INSERT INTO "monster_attacke" VALUES(51,'Entfliehen','-','Anwender baut einen Tunnel, um dem Gegner zu entkommen.');
INSERT INTO "monster_attacke" VALUES(52,'Gnsehaut','2W6','Lsst das Ziel wilde Fantasien sehen, die es wahnsinnig machen.');
INSERT INTO "monster_attacke" VALUES(53,'Panikattacke','2W8','Lsst das Ziel eine Panikattacke erleiden. Dieses greift dann wild an (1W4 Schaden) und ist danach eine Runde paralysiert.');
INSERT INTO "monster_attacke" VALUES(54,'Schlaffluch','-','Versetzt das Ziel fr 3 Runden in einen tiefen Schlaf.');
INSERT INTO "monster_attacke" VALUES(55,'Selbstnutz','-','Das Ziel wird manipuliert und hilft dem Anwender. Es heilt bei diesem 2W4.');
INSERT INTO "monster_attacke" VALUES(56,'Gedankenkontrolle','-','Zwingt das Ziel etwas zu tun, was verlangt wird. Es kann sich aber nicht selbst schaden.');
INSERT INTO "monster_attacke" VALUES(57,'Flammensto','2W8','Stt eine Kugel aus Feuer auf das Ziel. Dieses brennt danach.');
INSERT INTO "monster_attacke" VALUES(58,'Feuerwand','3W10','Umhllt das Ziel mit einer Wand aus Feuer. Das Ziel brennt danach.');
INSERT INTO "monster_attacke" VALUES(59,'Feuerstrahl','2W10','Schiet einen Strahl aus extrem heien Flammen auf das Ziel. Dieses brennt danach. In der nachfolgenden Runde erhlt das Ziel zustzliche +1W10 Schaden.');
INSERT INTO "monster_attacke" VALUES(60,'Frse','3W10','Schweres Sgeblatt, dass sich durch alles sgt. Das Ziel ist anschlieend blutend.');
INSERT INTO "monster_attacke" VALUES(61,'Zndfunke','1W6','bertrgt einen Zndfunken auf das Ziel.');
INSERT INTO "monster_attacke" VALUES(62,'Aufladen','-','Wenn das Ziel vom Typ Elektro ist, kann sich der Anwender daran aufladen und sein nchster Angriff trifft sicher und macht +5HP Schaden.');
INSERT INTO "monster_attacke" VALUES(63,'Kopierkunst','-','Kopiert die letzte Attacke des Gegners, solange diese nicht mehr Schaden machen kann, als der Anwender HP besitzt.');
INSERT INTO "monster_attacke" VALUES(64,'Datenpree','-','Angriff mit konfusen Symbolen, Geruschen oder Bewegungen. Das ziel wird drei Runden verwirrt.');
INSERT INTO "monster_attacke" VALUES(65,'bersetzungsfehler','-','Der nchste Angriff des Gegners trifft den Gegner selbst.');
INSERT INTO "monster_attacke" VALUES(66,'Hass','-','Der Anwender hasst sein Ziel mehr. Er erhlt im nchsten Zug einen Extra-Angriff mit doppeltem Schaden.');
INSERT INTO "monster_attacke" VALUES(67,'Selbsthass','-','Der Anwender ist unzufrieden mit der Gesamtsituation und greift in der nchsten Runde nicht an. Danach erhlt sein Angriff aber vierfachen Schaden.');
INSERT INTO "monster_attacke" VALUES(68,'Kontaktexpansion','-','Macht das Ziel dicker. Dieses trifft danach um 5% seltener.');
INSERT INTO "monster_attacke" VALUES(69,'Windsto','2W8','Schickt Luft mit Hochdruck punktgenau auf ein Ziel.');
INSERT INTO "monster_attacke" VALUES(70,'Quetschen','4W8','Mit Zangen oder hnlichem wird das Ziel mit viel Kraft gequetscht.');
INSERT INTO "monster_attacke" VALUES(71,'Fettverbrennung','-','Der Anwender zeigt dem Ziel berzeugend, wie es seine Ressourcen nutzt. Nur eben falsch. Das Ziel verbrennt zu viel Fett und kann in den nchsten drei Runden keine Attacken mehr nutzen, die Schaden machen oder Bewegung erfordern.');
INSERT INTO "monster_attacke" VALUES(72,'Ecoschleuder','4W6','Schleudert eine letale Dosis Eco auf das Ziel.');
INSERT INTO "monster_attacke" VALUES(73,'Metallmahlzeit','4W10','Kann falls das Ziel aus Stahl ist, dieses fressen.');
INSERT INTO "monster_attacke" VALUES(74,'Grube','2W6','Grbt ein Luch unter dem Ziel. Der Angriff wirkt erst in der zweiten Runde. Das Ziel ist nach der ersten Runde nicht angreifbar.');
INSERT INTO "monster_attacke" VALUES(75,'Wasserspiel','-','Mit Wassertropfen wird das Ziel abgelenkt. Alle Angriffe treffen zu 20% weniger.');
INSERT INTO "monster_attacke" VALUES(76,'Besetzen','-','Der Anwender besetzt das Ziel. Es bleibt dann darin und kann alle drei Runden eine Aktion an Stelle des Gegners machen. Whrenddessen darf der Anwender ein neues Monster in den Kampf geben. Sobald die besetzte Kreatur stirbt, stirbt auch der Besetzer. Er kann sein Ziel davor aber beliebig ndern.');
INSERT INTO "monster_attacke" VALUES(77,'Liebesfluch','-','Das Ziel verliebt sich in den Anwender und kann diesen nicht mehr angreifen.');
INSERT INTO "monster_attacke" VALUES(78,'Entznden','2W6','Entfacht ein kleines Feuer beim Ziel. Das Ziel brennt danach.');
INSERT INTO "monster_attacke" VALUES(79,'Brandsekret','-','Hllt das Ziel in einem hochentzndlichen Sekret ein. Der nchste Feuerangriff macht +2W10 Schaden.');
INSERT INTO "monster_attacke" VALUES(80,'Wasserstrahl','3W8','Schiet einen Wasserstrahl mit hohem Druck auf das Ziel.');
INSERT INTO "monster_attacke" VALUES(81,'Happen','1W4','Reicht nicht fr einen Biss, aber einen Marshmallow zerkaut man so trotzdem.');
INSERT INTO "monster_attacke" VALUES(82,'Durchbohren','4W4','Ein so schneller Angriff, der nicht daneben gehen kann. Er trifft das Ziel immer.');
INSERT INTO "monster_attacke" VALUES(83,'Giftklinge','2W8','Das Ziel wird durch den Schnitt vergiftet.');
INSERT INTO "monster_attacke" VALUES(84,'Doubletime','-','Verdoppelt die Schnelligkeit des Ziels. Dies darf zwei mal pro Zug angreifen und Verteidigungswrfe werden um 10 erhht. Erleidet das Ziel Schaden wird dieser dann verdreifacht. Patzer sind bereits ab 5.
Kann auch den Anwender selbst treffen.');
INSERT INTO "monster_attacke" VALUES(85,'Halftime','-','Das Ziel wird verlangsamt und Angriffe und Verteidigungswrfe werden um 30 erschwert. Kann auch den Anwender treffen.');
INSERT INTO "monster_attacke" VALUES(86,'Prieren','1W4','Dieser Angriff wird mit jeder weiteren Verwendung strker und erhlt +2 Schaden pro Angriff. Dem Angriff auszuweichen ist um 10 erschwert.');
INSERT INTO "monster_attacke" VALUES(87,'Sturzflug','3W4','Ein Angriff mit Geschwindigkeit direkt auf Ziel. Der Angriff trifft immer.');
INSERT INTO "monster_attacke" VALUES(88,'Anpassung','-','Verwandlung in eine gerade sichtbare Kreatur. bernimmt alle Werte des Gegenbers.');
INSERT INTO "monster_attacke" VALUES(89,'Wachsen','-','Angriffe treffen von da an zu 5% wahrscheinlicher.');
INSERT INTO "monster_attacke" VALUES(90,'Sprint','-','Die nchsten drei Runden ist der Anwender doppelt dran.');
INSERT INTO "monster_attacke" VALUES(91,'Giftpikser','1W2','Vergiftet das Ziel zustzlich mit einem kleinen Stachel.');
INSERT INTO "monster_attacke" VALUES(92,'Sepsis','1W4','Lsst eine Wunde sich entznden. Angriffe von da an machen +1W6 Schaden.');
INSERT INTO "monster_attacke" VALUES(93,'Schockfrosten','3W8','Friert das Ziel fr eine Runde ein. Dieses ist danach auch nicht angreifbar.');
INSERT INTO "monster_attacke" VALUES(94,'Eissturm','10W4','Kleine Eispartikel treffen das Ziel und fgen ihm viele kleine Wunden zu.');
INSERT INTO "monster_attacke" VALUES(95,'Eisesklte','1W10','Senkt die Auentemperatur so stark, dass Feuerangriffe wirkungslos werden.');
INSERT INTO "monster_attacke" VALUES(96,'Freundschaft','-','Das Ziel freundet sich mit dem Anwender an. Das Ziel kann dadurch fr drei Runden den Anwender nicht physisch oder elementar angreifen.');
INSERT INTO "monster_attacke" VALUES(97,'Verstrahlen','1W20','Verstrahlt das Ziel. Dieses wird dadurch krank.');
INSERT INTO "monster_attacke" VALUES(98,'Verhrten','-','Anwender erhlt einen 1W4 zustzlich zu seiner Verteidigung.');
INSERT INTO "monster_attacke" VALUES(99,'berschall','2W6+1W8','Die Gerusche bei dieser Attacke sind so laut, dass Trommelfelle bersten.');
INSERT INTO "monster_attacke" VALUES(100,'Abgang mit Stil','5W6','Der Anwender explodiert und ist danach besiegt. Danach darf der Anwender dafr eine komplett neue Karte ziehen.');
INSERT INTO "monster_attacke" VALUES(101,'Ansehen','-','Der Anwender schaut sich das Ziel intensiv an. Es geschieht sonst nichts.');
INSERT INTO "monster_attacke" VALUES(102,'Kernfusion','4W12','Fusioniert Atome und Molekle, um Energie in Form von sehr viel Hitze auf ein Ziel zu lenken.');
INSERT INTO "monster_attacke" VALUES(103,'Treibsand','1W20','Das Ziel versinkt langsam in Treibsand. Nach drei Runden kann sich das Ziel nicht mehr bewegen. Der Treibsand bleibt an der Stelle.');
INSERT INTO "monster_attacke" VALUES(104,'Halt','-','Dem Ziel wird magisch befohlen, dass es stehen bleiben soll. Es wird dann magisch verhindert, dass es noch seine Position wechseln kann.');
INSERT INTO "monster_attacke" VALUES(105,'Schleuder','1W4+1W12','Schleudert ein gewnschtes Objekt auf das Ziel.');
INSERT INTO "monster_attacke" VALUES(106,'Verzehren','2W20','Bei diesem Angriff wird eine Erinnerung oder ein Traum des Ziels geklaut. Beim zweiten Angriff mit dieser Attacke kann eine Attacke des Gegners dauerhaft blockiert werden.');
INSERT INTO "monster_attacke" VALUES(107,'Cartoonisieren','-','Ermglicht es das Gegenber, wenn dieses drei mal hintereinander dieser Attacke nicht ausweicht, in etwas beliebiges Cartoonhaftes zu verwandeln.');
INSERT INTO "monster_attacke" VALUES(108,'Farbklekse','-','Bewirkt, dass das Ziel fr drei Runden kaum noch sehen kann. Angriffe und Verteidigungswrfe werden um 30 erschwert.');
INSERT INTO "monster_attacke" VALUES(109,'Photonenstrahl','1W4','Mit jedem weiteren Angriff erhlt die Attacke +1HP Schaden.');
INSERT INTO "monster_attacke" VALUES(110,'Wurzeln','-','Anwender legt Wurzeln, um damit Nhrstoffe zu beziehen. Angriffe erhalten mit jedem mal +1W4 Schaden.');
INSERT INTO "monster_attacke" VALUES(111,'Brandmarke','4W10','Erschafft auf dem Ziel eine Brandmarke, die auf Wunsch entzndet werden kann. Der Schaden gilt erst dann. Das Ziel brennt dadurch.');
INSERT INTO "monster_attacke" VALUES(112,'Anziehen','-','Klaut dem Ziel etwas aus Metall. Ist es selbst aus Metall befindet sich das Ziel jetzt vor dem Anwender und ist eine Runde paralysiert.');
INSERT INTO "monster_attacke" VALUES(113,'Anzapfen','-','Wenn das Ziel vom Typ Elektro ist, kann der Anwender dem Ziel 2W8 Gesundheit klauen.');
INSERT INTO "monster_attacke" VALUES(114,'Kleine Explosion','5W10','Anwender sprengt sich selbst in die Luft und geht K.O., verursacht dabei aber groen Schaden.');
INSERT INTO "monster_attacke" VALUES(115,'Finsterer Hauch','2W4','Lsst den Gegner einen Schauder ber seinen Rcken ziehen.');
INSERT INTO "monster_attacke" VALUES(116,'Stachelsteine','2W8','Das Ziel wird in spitze Steine gehllt und erhlt jede weitere Runde 1W6 Schaden, gegen den es sich nicht verteidigen kann.');
INSERT INTO "monster_attacke" VALUES(117,'Pilzsporen','1W20','Die Pilzsporen sorgen beim Ziel dafr, dass es sich dem Anwender anschliet und fr ihn kmpft.');
INSERT INTO "monster_attacke" VALUES(118,'Kieselregen','8W4','Trifft das Ziel mit vielen kleinen Kieselsteinen.');
INSERT INTO "monster_attacke" VALUES(119,'Verbot','-','Blockiert die Attacke mit dem hchsten Schaden des Ziels.');
INSERT INTO "monster_attacke" VALUES(120,'Verdunkeln','-','Erschwert die Sicht fr alle, die nicht vom Typ Finsternis oder Geist sind. Fr die erhalten Angriffe und Verteidigung einen Malus von 30.');
INSERT INTO "monster_attacke" VALUES(121,'Todesfluch','2W10','Macht jede weitere Runde 1W10 Schaden, der nicht verhindert werden kann.');
INSERT INTO "monster_attacke" VALUES(122,'Teleport','-','Anwender kann sich ein beliebiges neues Feld aussuchen, auf das er geht, das noch nicht besetzt ist.');
INSERT INTO "monster_attacke" VALUES(123,'Urteil','-','Ist aktuell eine Kreatur mit dem Typ Normal im Kampf, kann ein neues Monster gezogen werden. Diese Attacke ist nur einmal mglich.');
INSERT INTO "monster_attacke" VALUES(124,'Glcklicher Treffer','-','Sieht der Anwender eine Kreatur sterben, darf er eine neue Karte von Monstern ziehen.');
INSERT INTO "monster_attacke" VALUES(125,'Lichtbogen','5W20','Erschafft einen Lichtbogen, der heier nicht sein knnte. Das Ziel ist danach drei Runden paralysiert.');
INSERT INTO "monster_attacke" VALUES(126,'Flutwelle','4W20','Gigantische Wassermassen treffen ein Ziel.');
INSERT INTO "monster_attacke" VALUES(127,'Fluch','-','Das Ziel erhlt einen Fluch, wodurch es immer auch den Schaden erhlt, den es anrichtet. Es darf sich aber auch nochmal verteidigen.');
INSERT INTO "monster_attacke" VALUES(128,'Verstrkter Fluch','-','Das Ziel erhlt immer auch den Schaden, den der Anwender in Zukunft erhlt. Er darf sich auch nicht mehr dagegen verteidigen.');
INSERT INTO "monster_attacke" VALUES(129,'Levitation','2W10','Hebt ein Ziel in die Hhe und lsst es dann fallen.');
INSERT INTO "monster_attacke" VALUES(130,'Zufall','3W20','Wirf 6W6. Wenn drei Gleiche fallen, trifft der Angriff das Ziel, ansonsten schlgt er fehl.');
INSERT INTO "monster_attacke" VALUES(131,'Erste Hilfe','-','Heilt den Anwender oder ein beliebiges Ziel mit 2W6. Das Ziel muss sich nicht verteidigen.');
INSERT INTO "monster_attacke" VALUES(132,'Heilung','-','Der Anwender heilt bei sich oder einem beliebigen Ziel 2W20 HP.');
INSERT INTO "monster_attacke" VALUES(133,'Kameradschaft','-','Ermglicht es sich mit einem Gegner zu verbnden. Die Beiden arbeiten ab da zusammen. Greift der Anwender das Ziel an, wird die Kameradschaft fallengelassen. Das Ziel kann sich whrend der Kameradschaft nicht verteidigen.');
INSERT INTO "monster_attacke" VALUES(134,'Erdwall','-','Eine kleine Barriere aus Erde sorgt fr besseren Schutz. Verteidigungswrfe dahinter werden um 20 erleichtert und der Anwender erhlt +1W6 zum Verteidigungspool.');
INSERT INTO "monster_attacke" VALUES(135,'Rage','-','Der Anwender wird wtender. Er erhlt auf alle Angriffe +1W6 Schaden.');
INSERT INTO "monster_attacke" VALUES(136,'Geteiltes Leid','-','Wurde diese Attacke gewirkt, erhlt jeder Angreifer, der dem Anwender schaden will den Schaden auch.');
INSERT INTO "monster_attacke" VALUES(137,'Retour','-','Der nchste Angriff vom Anwender macht den gleichen Schaden, wie der letzte Schaden, den der Anwender erhalten hat.');
CREATE TABLE "monster_attacke_typen" ("id" integer NOT NULL PRIMARY KEY AUTOINCREMENT, "attacke_id" integer NOT NULL REFERENCES "monster_attacke" ("id") DEFERRABLE INITIALLY DEFERRED, "typ_id" integer NOT NULL REFERENCES "monster_typ" ("id") DEFERRABLE INITIALLY DEFERRED);
INSERT INTO "monster_attacke_typen" VALUES(1,45,19);
INSERT INTO "monster_attacke_typen" VALUES(2,38,8);
INSERT INTO "monster_attacke_typen" VALUES(3,24,7);
INSERT INTO "monster_attacke_typen" VALUES(4,30,14);
INSERT INTO "monster_attacke_typen" VALUES(5,28,9);
INSERT INTO "monster_attacke_typen" VALUES(6,28,19);
INSERT INTO "monster_attacke_typen" VALUES(7,10,8);
INSERT INTO "monster_attacke_typen" VALUES(8,37,8);
INSERT INTO "monster_attacke_typen" VALUES(9,32,1);
INSERT INTO "monster_attacke_typen" VALUES(10,32,7);
INSERT INTO "monster_attacke_typen" VALUES(11,32,8);
INSERT INTO "monster_attacke_typen" VALUES(12,32,9);
INSERT INTO "monster_attacke_typen" VALUES(13,32,10);
INSERT INTO "monster_attacke_typen" VALUES(14,32,14);
INSERT INTO "monster_attacke_typen" VALUES(15,32,17);
INSERT INTO "monster_attacke_typen" VALUES(16,32,19);
INSERT INTO "monster_attacke_typen" VALUES(17,33,14);
INSERT INTO "monster_attacke_typen" VALUES(18,50,19);
INSERT INTO "monster_attacke_typen" VALUES(19,26,8);
INSERT INTO "monster_attacke_typen" VALUES(20,9,8);
INSERT INTO "monster_attacke_typen" VALUES(21,6,8);
INSERT INTO "monster_attacke_typen" VALUES(22,41,10);
INSERT INTO "monster_attacke_typen" VALUES(23,41,19);
INSERT INTO "monster_attacke_typen" VALUES(24,19,1);
INSERT INTO "monster_attacke_typen" VALUES(25,11,8);
INSERT INTO "monster_attacke_typen" VALUES(26,20,8);
INSERT INTO "monster_attacke_typen" VALUES(27,20,11);
INSERT INTO "monster_attacke_typen" VALUES(28,20,13);
INSERT INTO "monster_attacke_typen" VALUES(29,17,10);
INSERT INTO "monster_attacke_typen" VALUES(30,7,8);
INSERT INTO "monster_attacke_typen" VALUES(31,43,8);
INSERT INTO "monster_attacke_typen" VALUES(32,36,19);
INSERT INTO "monster_attacke_typen" VALUES(33,35,2);
INSERT INTO "monster_attacke_typen" VALUES(34,35,4);
INSERT INTO "monster_attacke_typen" VALUES(35,18,1);
INSERT INTO "monster_attacke_typen" VALUES(36,34,20);
INSERT INTO "monster_attacke_typen" VALUES(37,2,1);
INSERT INTO "monster_attacke_typen" VALUES(38,3,1);
INSERT INTO "monster_attacke_typen" VALUES(39,5,10);
INSERT INTO "monster_attacke_typen" VALUES(40,5,19);
INSERT INTO "monster_attacke_typen" VALUES(41,13,8);
INSERT INTO "monster_attacke_typen" VALUES(42,16,9);
INSERT INTO "monster_attacke_typen" VALUES(43,16,11);
INSERT INTO "monster_attacke_typen" VALUES(44,47,19);
INSERT INTO "monster_attacke_typen" VALUES(45,14,10);
INSERT INTO "monster_attacke_typen" VALUES(46,14,19);
INSERT INTO "monster_attacke_typen" VALUES(47,46,17);
INSERT INTO "monster_attacke_typen" VALUES(48,44,8);
INSERT INTO "monster_attacke_typen" VALUES(49,49,19);
INSERT INTO "monster_attacke_typen" VALUES(50,4,8);
INSERT INTO "monster_attacke_typen" VALUES(51,27,10);
INSERT INTO "monster_attacke_typen" VALUES(52,42,18);
INSERT INTO "monster_attacke_typen" VALUES(53,42,6);
INSERT INTO "monster_attacke_typen" VALUES(54,48,8);
INSERT INTO "monster_attacke_typen" VALUES(55,15,10);
INSERT INTO "monster_attacke_typen" VALUES(56,31,8);
INSERT INTO "monster_attacke_typen" VALUES(57,21,9);
INSERT INTO "monster_attacke_typen" VALUES(58,21,11);
INSERT INTO "monster_attacke_typen" VALUES(59,1,1);
INSERT INTO "monster_attacke_typen" VALUES(60,22,8);
INSERT INTO "monster_attacke_typen" VALUES(61,39,8);
INSERT INTO "monster_attacke_typen" VALUES(62,8,8);
INSERT INTO "monster_attacke_typen" VALUES(63,12,8);
INSERT INTO "monster_attacke_typen" VALUES(64,40,8);
INSERT INTO "monster_attacke_typen" VALUES(65,25,4);
INSERT INTO "monster_attacke_typen" VALUES(66,25,7);
INSERT INTO "monster_attacke_typen" VALUES(67,23,19);
INSERT INTO "monster_attacke_typen" VALUES(68,29,9);
INSERT INTO "monster_attacke_typen" VALUES(69,29,11);
INSERT INTO "monster_attacke_typen" VALUES(70,51,18);
INSERT INTO "monster_attacke_typen" VALUES(71,51,6);
INSERT INTO "monster_attacke_typen" VALUES(72,52,17);
INSERT INTO "monster_attacke_typen" VALUES(73,53,13);
INSERT INTO "monster_attacke_typen" VALUES(74,54,17);
INSERT INTO "monster_attacke_typen" VALUES(75,55,17);
INSERT INTO "monster_attacke_typen" VALUES(76,56,17);
INSERT INTO "monster_attacke_typen" VALUES(77,57,20);
INSERT INTO "monster_attacke_typen" VALUES(78,58,20);
INSERT INTO "monster_attacke_typen" VALUES(79,59,20);
INSERT INTO "monster_attacke_typen" VALUES(80,60,7);
INSERT INTO "monster_attacke_typen" VALUES(81,61,1);
INSERT INTO "monster_attacke_typen" VALUES(82,62,1);
INSERT INTO "monster_attacke_typen" VALUES(83,63,17);
INSERT INTO "monster_attacke_typen" VALUES(84,64,7);
INSERT INTO "monster_attacke_typen" VALUES(85,65,17);
INSERT INTO "monster_attacke_typen" VALUES(86,66,8);
INSERT INTO "monster_attacke_typen" VALUES(87,67,8);
INSERT INTO "monster_attacke_typen" VALUES(88,68,9);
INSERT INTO "monster_attacke_typen" VALUES(89,69,4);
INSERT INTO "monster_attacke_typen" VALUES(90,70,8);
INSERT INTO "monster_attacke_typen" VALUES(91,71,9);
INSERT INTO "monster_attacke_typen" VALUES(92,72,10);
INSERT INTO "monster_attacke_typen" VALUES(93,73,5);
INSERT INTO "monster_attacke_typen" VALUES(94,74,6);
INSERT INTO "monster_attacke_typen" VALUES(95,75,3);
INSERT INTO "monster_attacke_typen" VALUES(96,76,13);
INSERT INTO "monster_attacke_typen" VALUES(97,77,9);
INSERT INTO "monster_attacke_typen" VALUES(98,78,20);
INSERT INTO "monster_attacke_typen" VALUES(99,79,19);
INSERT INTO "monster_attacke_typen" VALUES(100,79,20);
INSERT INTO "monster_attacke_typen" VALUES(101,80,3);
INSERT INTO "monster_attacke_typen" VALUES(102,81,8);
INSERT INTO "monster_attacke_typen" VALUES(103,82,21);
INSERT INTO "monster_attacke_typen" VALUES(104,83,10);
INSERT INTO "monster_attacke_typen" VALUES(105,84,9);
INSERT INTO "monster_attacke_typen" VALUES(106,85,9);
INSERT INTO "monster_attacke_typen" VALUES(107,86,21);
INSERT INTO "monster_attacke_typen" VALUES(108,87,4);
INSERT INTO "monster_attacke_typen" VALUES(109,88,9);
INSERT INTO "monster_attacke_typen" VALUES(110,89,22);
INSERT INTO "monster_attacke_typen" VALUES(111,90,21);
INSERT INTO "monster_attacke_typen" VALUES(112,91,10);
INSERT INTO "monster_attacke_typen" VALUES(113,92,10);
INSERT INTO "monster_attacke_typen" VALUES(114,93,23);
INSERT INTO "monster_attacke_typen" VALUES(115,94,23);
INSERT INTO "monster_attacke_typen" VALUES(116,95,23);
INSERT INTO "monster_attacke_typen" VALUES(117,96,8);
INSERT INTO "monster_attacke_typen" VALUES(118,97,19);
INSERT INTO "monster_attacke_typen" VALUES(119,98,8);
INSERT INTO "monster_attacke_typen" VALUES(120,99,8);
INSERT INTO "monster_attacke_typen" VALUES(121,100,19);
INSERT INTO "monster_attacke_typen" VALUES(122,101,17);
INSERT INTO "monster_attacke_typen" VALUES(123,102,19);
INSERT INTO "monster_attacke_typen" VALUES(124,102,20);
INSERT INTO "monster_attacke_typen" VALUES(125,103,6);
INSERT INTO "monster_attacke_typen" VALUES(126,104,17);
INSERT INTO "monster_attacke_typen" VALUES(127,105,8);
INSERT INTO "monster_attacke_typen" VALUES(128,106,11);
INSERT INTO "monster_attacke_typen" VALUES(129,106,13);
INSERT INTO "monster_attacke_typen" VALUES(130,107,9);
INSERT INTO "monster_attacke_typen" VALUES(131,108,19);
INSERT INTO "monster_attacke_typen" VALUES(132,109,22);
INSERT INTO "monster_attacke_typen" VALUES(133,110,22);
INSERT INTO "monster_attacke_typen" VALUES(134,111,20);
INSERT INTO "monster_attacke_typen" VALUES(135,111,13);
INSERT INTO "monster_attacke_typen" VALUES(136,112,7);
INSERT INTO "monster_attacke_typen" VALUES(137,113,1);
INSERT INTO "monster_attacke_typen" VALUES(138,114,19);
INSERT INTO "monster_attacke_typen" VALUES(139,115,11);
INSERT INTO "monster_attacke_typen" VALUES(140,116,18);
INSERT INTO "monster_attacke_typen" VALUES(141,117,5);
INSERT INTO "monster_attacke_typen" VALUES(142,118,18);
INSERT INTO "monster_attacke_typen" VALUES(143,119,9);
INSERT INTO "monster_attacke_typen" VALUES(144,120,11);
INSERT INTO "monster_attacke_typen" VALUES(145,121,11);
INSERT INTO "monster_attacke_typen" VALUES(146,122,9);
INSERT INTO "monster_attacke_typen" VALUES(147,122,13);
INSERT INTO "monster_attacke_typen" VALUES(148,123,9);
INSERT INTO "monster_attacke_typen" VALUES(149,124,9);
INSERT INTO "monster_attacke_typen" VALUES(150,125,1);
INSERT INTO "monster_attacke_typen" VALUES(151,126,3);
INSERT INTO "monster_attacke_typen" VALUES(152,127,13);
INSERT INTO "monster_attacke_typen" VALUES(153,128,13);
INSERT INTO "monster_attacke_typen" VALUES(154,129,2);
INSERT INTO "monster_attacke_typen" VALUES(155,130,9);
INSERT INTO "monster_attacke_typen" VALUES(156,130,21);
INSERT INTO "monster_attacke_typen" VALUES(157,131,9);
INSERT INTO "monster_attacke_typen" VALUES(158,132,9);
INSERT INTO "monster_attacke_typen" VALUES(159,133,8);
INSERT INTO "monster_attacke_typen" VALUES(160,134,18);
INSERT INTO "monster_attacke_typen" VALUES(161,134,6);
INSERT INTO "monster_attacke_typen" VALUES(162,135,8);
INSERT INTO "monster_attacke_typen" VALUES(163,136,9);
INSERT INTO "monster_attacke_typen" VALUES(164,137,9);
CREATE TABLE "monster_typ_wirkungslos_gegen" ("id" integer NOT NULL PRIMARY KEY AUTOINCREMENT, "from_typ_id" integer NOT NULL REFERENCES "monster_typ" ("id") DEFERRABLE INITIALLY DEFERRED, "to_typ_id" integer NOT NULL REFERENCES "monster_typ" ("id") DEFERRABLE INITIALLY DEFERRED);
INSERT INTO "monster_typ_wirkungslos_gegen" VALUES(1,6,13);
INSERT INTO "monster_typ_wirkungslos_gegen" VALUES(2,19,18);
INSERT INTO "monster_typ_wirkungslos_gegen" VALUES(3,19,13);
INSERT INTO "monster_typ_wirkungslos_gegen" VALUES(4,19,6);
INSERT INTO "monster_typ_wirkungslos_gegen" VALUES(5,23,13);
INSERT INTO "monster_typ_wirkungslos_gegen" VALUES(6,1,2);
INSERT INTO "monster_typ_wirkungslos_gegen" VALUES(7,1,4);
INSERT INTO "monster_typ_wirkungslos_gegen" VALUES(8,1,13);
INSERT INTO "monster_typ_wirkungslos_gegen" VALUES(9,11,12);
INSERT INTO "monster_typ_wirkungslos_gegen" VALUES(10,4,13);
INSERT INTO "monster_typ_wirkungslos_gegen" VALUES(11,18,13);
INSERT INTO "monster_typ_wirkungslos_gegen" VALUES(12,10,6);
INSERT INTO "monster_typ_wirkungslos_gegen" VALUES(13,10,7);
INSERT INTO "monster_typ_wirkungslos_gegen" VALUES(14,10,9);
INSERT INTO "monster_typ_wirkungslos_gegen" VALUES(15,10,11);
INSERT INTO "monster_typ_wirkungslos_gegen" VALUES(16,10,13);
INSERT INTO "monster_typ_wirkungslos_gegen" VALUES(17,10,14);
INSERT INTO "monster_typ_wirkungslos_gegen" VALUES(18,10,18);
INSERT INTO "monster_typ_wirkungslos_gegen" VALUES(19,10,23);
INSERT INTO "monster_typ_wirkungslos_gegen" VALUES(20,12,13);
INSERT INTO "monster_typ_wirkungslos_gegen" VALUES(21,14,13);
INSERT INTO "monster_typ_wirkungslos_gegen" VALUES(23,7,13);
INSERT INTO "monster_typ_wirkungslos_gegen" VALUES(24,8,13);
INSERT INTO "monster_typ_wirkungslos_gegen" VALUES(25,5,18);
INSERT INTO "monster_typ_wirkungslos_gegen" VALUES(26,5,11);
INSERT INTO "monster_typ_wirkungslos_gegen" VALUES(27,5,6);
INSERT INTO "monster_typ_wirkungslos_gegen" VALUES(28,5,7);
INSERT INTO "monster_typ_wirkungslos_gegen" VALUES(29,22,13);
INSERT INTO "monster_typ_wirkungslos_gegen" VALUES(30,17,13);
INSERT INTO "monster_typ_wirkungslos_gegen" VALUES(31,2,13);
INSERT INTO "monster_typ_wirkungslos_gegen" VALUES(32,21,13);
INSERT INTO "monster_typ_wirkungslos_gegen" VALUES(33,3,13);
CREATE TABLE "monster_evolution" (
	`vor`	INTEGER NOT NULL,
	`nach`	INTEGER NOT NULL,
	FOREIGN KEY(`vor`) REFERENCES monster_monster,
	FOREIGN KEY(`nach`) REFERENCES monster_monster
);
INSERT INTO "monster_evolution" VALUES(1,209);
INSERT INTO "monster_evolution" VALUES(5,6);
INSERT INTO "monster_evolution" VALUES(8,9);
INSERT INTO "monster_evolution" VALUES(11,174);
INSERT INTO "monster_evolution" VALUES(17,81);
INSERT INTO "monster_evolution" VALUES(24,25);
INSERT INTO "monster_evolution" VALUES(26,27);
INSERT INTO "monster_evolution" VALUES(29,117);
INSERT INTO "monster_evolution" VALUES(31,124);
INSERT INTO "monster_evolution" VALUES(33,142);
INSERT INTO "monster_evolution" VALUES(46,105);
INSERT INTO "monster_evolution" VALUES(51,53);
INSERT INTO "monster_evolution" VALUES(53,52);
INSERT INTO "monster_evolution" VALUES(61,60);
INSERT INTO "monster_evolution" VALUES(63,120);
INSERT INTO "monster_evolution" VALUES(64,68);
INSERT INTO "monster_evolution" VALUES(66,64);
INSERT INTO "monster_evolution" VALUES(67,66);
INSERT INTO "monster_evolution" VALUES(70,198);
INSERT INTO "monster_evolution" VALUES(73,196);
INSERT INTO "monster_evolution" VALUES(75,35);
INSERT INTO "monster_evolution" VALUES(76,149);
INSERT INTO "monster_evolution" VALUES(78,79);
INSERT INTO "monster_evolution" VALUES(81,86);
INSERT INTO "monster_evolution" VALUES(84,17);
INSERT INTO "monster_evolution" VALUES(86,85);
INSERT INTO "monster_evolution" VALUES(87,88);
INSERT INTO "monster_evolution" VALUES(90,125);
INSERT INTO "monster_evolution" VALUES(101,121);
INSERT INTO "monster_evolution" VALUES(102,107);
INSERT INTO "monster_evolution" VALUES(107,187);
INSERT INTO "monster_evolution" VALUES(108,111);
INSERT INTO "monster_evolution" VALUES(110,109);
INSERT INTO "monster_evolution" VALUES(111,110);
INSERT INTO "monster_evolution" VALUES(112,122);
INSERT INTO "monster_evolution" VALUES(115,116);
INSERT INTO "monster_evolution" VALUES(119,63);
INSERT INTO "monster_evolution" VALUES(120,73);
INSERT INTO "monster_evolution" VALUES(121,181);
INSERT INTO "monster_evolution" VALUES(122,183);
INSERT INTO "monster_evolution" VALUES(123,133);
INSERT INTO "monster_evolution" VALUES(125,20);
INSERT INTO "monster_evolution" VALUES(126,128);
INSERT INTO "monster_evolution" VALUES(127,75);
INSERT INTO "monster_evolution" VALUES(128,130);
INSERT INTO "monster_evolution" VALUES(129,158);
INSERT INTO "monster_evolution" VALUES(130,90);
INSERT INTO "monster_evolution" VALUES(141,149);
INSERT INTO "monster_evolution" VALUES(142,139);
INSERT INTO "monster_evolution" VALUES(144,33);
INSERT INTO "monster_evolution" VALUES(145,146);
INSERT INTO "monster_evolution" VALUES(149,144);
INSERT INTO "monster_evolution" VALUES(151,70);
INSERT INTO "monster_evolution" VALUES(154,153);
INSERT INTO "monster_evolution" VALUES(157,136);
INSERT INTO "monster_evolution" VALUES(158,159);
INSERT INTO "monster_evolution" VALUES(162,164);
INSERT INTO "monster_evolution" VALUES(164,180);
INSERT INTO "monster_evolution" VALUES(165,166);
INSERT INTO "monster_evolution" VALUES(168,169);
INSERT INTO "monster_evolution" VALUES(173,174);
INSERT INTO "monster_evolution" VALUES(178,8);
INSERT INTO "monster_evolution" VALUES(180,156);
INSERT INTO "monster_evolution" VALUES(180,171);
INSERT INTO "monster_evolution" VALUES(181,34);
INSERT INTO "monster_evolution" VALUES(183,43);
INSERT INTO "monster_evolution" VALUES(184,185);
INSERT INTO "monster_evolution" VALUES(188,189);
INSERT INTO "monster_evolution" VALUES(190,161);
INSERT INTO "monster_evolution" VALUES(192,194);
INSERT INTO "monster_evolution" VALUES(194,190);
INSERT INTO "monster_evolution" VALUES(199,201);
INSERT INTO "monster_evolution" VALUES(200,151);
INSERT INTO "monster_evolution" VALUES(201,200);
INSERT INTO "monster_evolution" VALUES(202,191);
INSERT INTO "monster_evolution" VALUES(207,206);
INSERT INTO "monster_evolution" VALUES(208,207);
INSERT INTO "monster_evolution" VALUES(218,220);
INSERT INTO "monster_evolution" VALUES(219,220);
INSERT INTO "monster_evolution" VALUES(221,222);
INSERT INTO "monster_evolution" VALUES(223,101);
INSERT INTO "monster_evolution" VALUES(224,228);
INSERT INTO "monster_evolution" VALUES(225,224);
CREATE TABLE "monster_monster" (
	`id`	integer NOT NULL,
	`name`	varchar(100) NOT NULL UNIQUE,
	`rang`	integer,
	`gre`	decimal,
	`hp`	integer,
	`habitat`	text,
	`schadensverhinderung`	varchar(20),
	`gewicht`	decimal,
	`isSelected`	INTEGER
);
INSERT INTO "monster_monster" VALUES(1,'Amperon',74,40,50,'In gemigten Gebieten, Wldern und Wiesen','2W6',6,1);
INSERT INTO "monster_monster" VALUES(2,'Amphorm',112,0.8,70,'Sumpfige Gegenden. Sonst in anderen Krpern','3W6',18,2);
INSERT INTO "monster_monster" VALUES(3,'nderungsmonster 1',240,0.5,150,'Wlder, Wiesen','4W8',3,3);
INSERT INTO "monster_monster" VALUES(4,'nderungsmonster 2',255,0.2,120,'Gemigte Wiesen','2W8',2.5,4);
INSERT INTO "monster_monster" VALUES(5,'Bara',8,0.6,20,'Nadelwlder, subpolare Wlder','1W4',0.1,5);
INSERT INTO "monster_monster" VALUES(6,'Bara-Boss',61,1,50,'Subpolare, feuchte Gebiete','2W8',1.5,6);
INSERT INTO "monster_monster" VALUES(7,'Bara-Fish',23,0.5,35,'Feuchte, gemigte Mischwlder','2W4',0.5,7);
INSERT INTO "monster_monster" VALUES(8,'Beatly',4,0.02,10,'Wlder, Wiesen, Vorstadtgebiete','1W4',0.01,8);
INSERT INTO "monster_monster" VALUES(9,'Big Beatly',9,0.12,20,'Wlder, ltere Drfer, Wiesen','2W4',0.08,9);
INSERT INTO "monster_monster" VALUES(10,'Big Fish',12,0.4,25,'Subpolare Meere, in tiefen Regionen','1W10',7,10);
INSERT INTO "monster_monster" VALUES(11,'Big Shadow',12,1,25,'Stdte, Vorstdte, Drfer','2W4',0.1,11);
INSERT INTO "monster_monster" VALUES(12,'Big Boss',92,1.8,100,'Vorstdte, toxisch und radioaktiv verseuchtes Land','4W8',115,12);
INSERT INTO "monster_monster" VALUES(13,'Biggest Boss',250,4,200,'Unbekannt','6W12',240,13);
INSERT INTO "monster_monster" VALUES(14,'Biggle',3,0.04,5,'Laub- und Nadelwlder','1W2',0.02,14);
INSERT INTO "monster_monster" VALUES(15,'Birdeye',13,0.4,20,'Wlder, kalte Weideflchen','1W6',0.3,15);
INSERT INTO "monster_monster" VALUES(16,'Birdybat',9,0.15,15,'Dachbden, Friedhfe,  Kirchen','1W6',0.15,16);
INSERT INTO "monster_monster" VALUES(17,'Bloy',26,0.8,35,'Gemigte Laubwlder','1W6+1W4',6.5,17);
INSERT INTO "monster_monster" VALUES(18,'Bohrum',13,0.35,20,'Nadelwlder, Hhlen','2W4',5,18);
INSERT INTO "monster_monster" VALUES(19,'Bolly-Boss',132,2.4,150,'Dunkle Wlder, Hhlen','4W6',125,19);
INSERT INTO "monster_monster" VALUES(20,'Bomb-Boss',150,1.4,100,'Unbekannt','3W8',60,20);
INSERT INTO "monster_monster" VALUES(21,'Bombo-Tron',7,0.35,25,'Stdte, Wlder, gemigte Weidefelder','1W6',4,21);
INSERT INTO "monster_monster" VALUES(22,'Bora',11,0.2,15,'Hhlen, Gebirge','1W6',1.5,22);
INSERT INTO "monster_monster" VALUES(23,'Bser Schatten',18,0.6,20,'Dunkle Wlder, Weideflchen bei Nacht','2W4',0.05,23);
INSERT INTO "monster_monster" VALUES(24,'Brail',36,0.5,35,'Wlder, Weideflchen','3W6',2.5,24);
INSERT INTO "monster_monster" VALUES(25,'Brailboss',58,0.7,45,'Nadelwlder','3W6',4.5,25);
INSERT INTO "monster_monster" VALUES(26,'Brenner',29,0.8,30,'Vulkanische Gegenden','2W6',6,26);
INSERT INTO "monster_monster" VALUES(27,'Brenner-Boss',85,1.1,60,'Vulkanische Gegenden, Wsten','4W8',24,27);
INSERT INTO "monster_monster" VALUES(28,'Buggle',1,0.02,3,'Nahezu berall','1W2',0.002,28);
INSERT INTO "monster_monster" VALUES(29,'Coral',5,0.3,12,'Wlder, Wiesen, Weideflchen','2W4',2,29);
INSERT INTO "monster_monster" VALUES(30,'Death-Beatly',15,0.45,12,'Dichte Wlder','2W6',1.5,30);
INSERT INTO "monster_monster" VALUES(31,'Death Eye',6,0.15,8,'Gebirge, Nadelwlder','1W6',0.2,31);
INSERT INTO "monster_monster" VALUES(32,'Death Fish',6,0.2,10,'Tiefe Ozeane','1W4',0.05,32);
INSERT INTO "monster_monster" VALUES(33,'Death Pilz',7,0.35,10,'Nadelwlder','1W4',2,33);
INSERT INTO "monster_monster" VALUES(34,'Deathdemon',72,1.5,50,'Verlassene Orte','3W8',25,34);
INSERT INTO "monster_monster" VALUES(35,'Death Ghost',50,1.3,75,'Finstere Orte, Gebirge, Hhlen, ruhige Stdte','4W6',3,35);
INSERT INTO "monster_monster" VALUES(36,'Desdolly',1,1,30,'Stdte, stdtische Parks und Wlder','3W6',35,36);
INSERT INTO "monster_monster" VALUES(37,'Desotika',24,0.5,20,'Ruhige Wlder, subtropische Gebiete','2W6',7,37);
INSERT INTO "monster_monster" VALUES(38,'Dicky',4,0.4,25,'Selten freilebend, eher als Haustier gehalten','1W10',60,38);
INSERT INTO "monster_monster" VALUES(39,'Dolly',1,1,25,'Technisierte Stdte und deren Parks','2W6',35,39);
INSERT INTO "monster_monster" VALUES(40,'Doom-Killer',100,3,110,'Unbekannt','4W10',80,40);
INSERT INTO "monster_monster" VALUES(41,'Draki',25,1,50,'Unbekannt','2W8',35,41);
INSERT INTO "monster_monster" VALUES(42,'Dnni',3,0.3,10,'Wlder, Vorstadtgebiete','1W4',0.05,42);
INSERT INTO "monster_monster" VALUES(43,'Easy-Boss',33,1.6,40,'Unbekannt','3W6',45,43);
INSERT INTO "monster_monster" VALUES(44,'Eco-Krabbe',36,0.6,30,'Verunreinigte Stdte, Fabriken','2W8',8,44);
INSERT INTO "monster_monster" VALUES(45,'Eisen-Monster',9,0.25,15,'Stdte, Fabriken, Gebude','2W4',3,45);
INSERT INTO "monster_monster" VALUES(46,'Ekanto',8,0.8,10,'Unter der Erde','1W8',7,46);
INSERT INTO "monster_monster" VALUES(47,'Electronic Cloud',22,2,20,'Bei Gewitter berall','2W8',1,47);
INSERT INTO "monster_monster" VALUES(48,'Epilo',30,0.5,20,'Friedhfe, verlassene Gebude, religise Orte','2W6',0.05,48);
INSERT INTO "monster_monster" VALUES(49,'Erotika',3,0.4,8,'Weideflchen, kleinere Drfer','1W4',6,49);
INSERT INTO "monster_monster" VALUES(50,'Exad',8,1.5,10,'Wiesen, Wlder','1W4',7,50);
INSERT INTO "monster_monster" VALUES(51,'Eyedor',42,0.5,30,'Khle Wlder','2W6',8,51);
INSERT INTO "monster_monster" VALUES(52,'Eyedorboss',48,1.2,40,'Dunkle Wlder','3W6',15,52);
INSERT INTO "monster_monster" VALUES(53,'Eyedorong',35,1,35,'Khle, dunkle Wlder','3W4',10,53);
INSERT INTO "monster_monster" VALUES(54,'Falcipar',6,0.04,6,'Nahezu alle Wlder und Wiesen','1W2',0.007,54);
INSERT INTO "monster_monster" VALUES(55,'Fallender Stein',25,1,40,'Gebirge, Hhlen','2W8',125,55);
INSERT INTO "monster_monster" VALUES(56,'Feuerraupe',11,1.5,10,'Wsten','1W6',0.5,56);
INSERT INTO "monster_monster" VALUES(57,'Feupel',4,0.2,6,'Wsten','1W4',4,57);
INSERT INTO "monster_monster" VALUES(58,'Fire-Tron',13,0.5,10,'Wsten, tropische kosysteme','1W4+1W6',7,58);
INSERT INTO "monster_monster" VALUES(59,'Fischkiller',23,0.4,20,'Tiefe Gewsser','2W6',2,59);
INSERT INTO "monster_monster" VALUES(60,'Fischli Boss',32,2.2,45,'Tiefe Ozeane','3W6',85,60);
INSERT INTO "monster_monster" VALUES(61,'Fischli',1,0.1,5,'Stehende S- und Salzwsser','1W2',0.3,61);
INSERT INTO "monster_monster" VALUES(62,'Fisnek',15,1.2,10,'Weite Gewsser','4W4',6,62);
INSERT INTO "monster_monster" VALUES(63,'Flakkur',67,0.4,30,'Verlassene Gebude, Tempel, Villen','4W8',1.2,63);
INSERT INTO "monster_monster" VALUES(64,'Flogo',24,0.4,15,'Weideflchen, warme Orte','2W6',3.5,64);
INSERT INTO "monster_monster" VALUES(65,'Flow-Tron',1,0.2,30,'Unbekannt','3W4',0.5,65);
INSERT INTO "monster_monster" VALUES(66,'Floy',12,0.3,10,'Weideflchen','2W4',0.7,66);
INSERT INTO "monster_monster" VALUES(67,'Fly',4,0.02,5,'Weideflchen, Stdte','1W2',0.008,67);
INSERT INTO "monster_monster" VALUES(68,'Fly-Boss',39,1.5,40,'In Stadtnhe','3W6',23,68);
INSERT INTO "monster_monster" VALUES(69,'Fourly Fischli',5,0.1,10,'Meere, grere Swsser','1W8',0.2,69);
INSERT INTO "monster_monster" VALUES(70,'Froli',15,0.3,12,'Verlassene Wlder','2W4',2,70);
INSERT INTO "monster_monster" VALUES(71,'Fuddy',8,0.2,10,'An sonnigen Tagen im Himmel','1W4+1W6',1.5,71);
INSERT INTO "monster_monster" VALUES(72,'Furo',14,0.7,10,'Warme Wiesen','1W8',15,72);
INSERT INTO "monster_monster" VALUES(73,'Gasolion',100,0.8,60,'Verschmutzte Stdte','3W10',165,73);
INSERT INTO "monster_monster" VALUES(74,'Gestaltwandler',200,0.3,70,'Unbekannt','6W4',4,74);
INSERT INTO "monster_monster" VALUES(75,'Ghost',38,0.6,30,'Dunkle Orte, Friedhfe','3W6',0.5,75);
INSERT INTO "monster_monster" VALUES(76,'Gift Pilzly',3,0.05,5,'Feuchte Wlder','1W2',0.015,76);
INSERT INTO "monster_monster" VALUES(77,'Gift Zecke',13,0.03,8,'Trockene Wlder','1W4',0.005,77);
INSERT INTO "monster_monster" VALUES(78,'Glalium',33,0.4,25,'Tundra, Taiga','1W8+1W6',15,78);
INSERT INTO "monster_monster" VALUES(79,'Glatorn',62,1.1,50,'Tundra, Taiga, Gebirge','3W8',65,79);
INSERT INTO "monster_monster" VALUES(80,'Glibby',13,0.6,20,'Smpfe, verschmutze Gegenden, Fabriken','2W8',35,80);
INSERT INTO "monster_monster" VALUES(81,'Glome',31,0.9,20,'Sonnenexponierte Wlder','2W6',10,81);
INSERT INTO "monster_monster" VALUES(82,'Glubby',6,0.5,10,'Wlder, Smpfe, verstrahlte Gegenden','1W8',15,82);
INSERT INTO "monster_monster" VALUES(83,'Glubbylion',14,0.7,20,'Verstrahlte Gegenden','2W6',18,83);
INSERT INTO "monster_monster" VALUES(84,'Goy',36,0.7,25,'Wlder und Wiesen','2W8',6,84);
INSERT INTO "monster_monster" VALUES(85,'Goyboss',43,1,50,'Kalte, felsige Wlder','6W6',65,85);
INSERT INTO "monster_monster" VALUES(86,'Goytron',36,0.8,30,'Wlder in der Nhe von Stdten','3W6',25,86);
INSERT INTO "monster_monster" VALUES(87,'Groll',14,0.3,12,'Gebirge','2W4',6,87);
INSERT INTO "monster_monster" VALUES(88,'Groll-Boss',24,0.9,30,'Gebirge','2W6+2W8',40,88);
INSERT INTO "monster_monster" VALUES(89,'Guter Schatten',14,0.3,15,'Friedhfe, dunkle Wlder','1W4+1W6',0.05,89);
INSERT INTO "monster_monster" VALUES(90,'Hard-Bomb',20,0.1,10,'Stdte','1W12',2,90);
INSERT INTO "monster_monster" VALUES(91,'Hedder-Seegras',1,1,3,'Flache Gebiete im Meer,, seichte Flsse','1W2',2,91);
INSERT INTO "monster_monster" VALUES(92,'Hole',50,3,60,'Unbekannt','4W8',0.001,92);
INSERT INTO "monster_monster" VALUES(93,'Hot Sun Boss',44,4,70,'Unbekannt','3W10',350,93);
INSERT INTO "monster_monster" VALUES(94,'Hurrikan Boss',33,8,100,'Bei Gewittern auf Weideflchen','2W4',0.01,94);
INSERT INTO "monster_monster" VALUES(95,'Hydropron',45,0.6,30,'Strnde, Ksten','3W4+1W8',9,95);
INSERT INTO "monster_monster" VALUES(96,'Hyps-Boss',29,1.7,40,'Unbekannt','3W6',30,96);
INSERT INTO "monster_monster" VALUES(97,'Ice-Tron',7,0.4,12,'Tundra, Taiga, Gebirge','1W6',1.5,97);
INSERT INTO "monster_monster" VALUES(98,'Ijsmag',44,1.2,35,'Eismeer','3W6',14,98);
INSERT INTO "monster_monster" VALUES(99,'Ingol',7,0.2,10,'Finstere Wlder','1W4',0.001,99);
INSERT INTO "monster_monster" VALUES(100,'Iron-Breaker',83,2.5,60,'Verlassene Gebude','4W8',15,100);
INSERT INTO "monster_monster" VALUES(101,'Jillectro',24,0.6,15,'Wlder, Weideflchen','3W4',12,101);
INSERT INTO "monster_monster" VALUES(102,'Kettly',34,1,25,'Weideflchen, Wlder, Parks','1W6+1W8',9,102);
INSERT INTO "monster_monster" VALUES(103,'Killer-Schatten',94,2.5,80,'Nachts in Husern','3W12',0.04,103);
INSERT INTO "monster_monster" VALUES(104,'Killshroom',15,0.25,12,'Finstere Nadelwlder','2W2',8,104);
INSERT INTO "monster_monster" VALUES(105,'Kladestrus',86,3,100,'Unbekannt','4W12',450,105);
INSERT INTO "monster_monster" VALUES(106,'Kladobrion',42,0.4,25,'Hhlen','2W6',6,106);
INSERT INTO "monster_monster" VALUES(107,'Kletton',71,1.5,50,'Sonnige Wlder, Lichtungen','2W12',20,107);
INSERT INTO "monster_monster" VALUES(108,'Knapp',2,0.03,5,'Wlder mit viel Gestrpp','1W2',0.08,108);
INSERT INTO "monster_monster" VALUES(109,'Knapp-Boss',19,2,40,'Nadelwlder','2W12',35,109);
INSERT INTO "monster_monster" VALUES(110,'Knappo',14,1.2,15,'Nadelwlder','1W10',18,110);
INSERT INTO "monster_monster" VALUES(111,'Knappy',6,0.15,10,'Nadelwlder','1W6',0.8,111);
INSERT INTO "monster_monster" VALUES(112,'Kniffery',19,0.7,15,'Fabriken, Stdte','1W4+1W6',10,112);
INSERT INTO "monster_monster" VALUES(113,'Knuddelwuddel',11,0.2,8,'Parks, Weideflchen','1W6',1.5,113);
INSERT INTO "monster_monster" VALUES(114,'Kontrollgeist',51,1.8,50,'Unbekannt, treten nur nachts auf','3W8',0.05,114);
INSERT INTO "monster_monster" VALUES(115,'Krakto',9,0.7,10,'Tiefe Meere','1W6',15,115);
INSERT INTO "monster_monster" VALUES(116,'Kraxo',8,1.4,10,'Tiefe Meere','2W4',20,116);
INSERT INTO "monster_monster" VALUES(117,'Krell',32,0.4,20,'Wlder bei Dmmerung und Morgengrauen','2W8',8,117);
INSERT INTO "monster_monster" VALUES(118,'Kurny',4,0.05,5,'Weideflchen','1W2',0.07,118);
INSERT INTO "monster_monster" VALUES(119,'Lartur',43,0.3,30,'Wsten, Villen','2W8',3,119);
INSERT INTO "monster_monster" VALUES(120,'Likfleck',94,0.4,60,'Verlassene Gebude, Villen, Friedhfe','1W20+1W12',20,120);
INSERT INTO "monster_monster" VALUES(121,'Liturna',31,1.6,20,'Weideflchen','2W6',12,121);
INSERT INTO "monster_monster" VALUES(122,'Magnetmonster',21,1.5,15,'Gebirge','1W4+1W6',25,122);
INSERT INTO "monster_monster" VALUES(123,'Maskerto',34,1,25,'Gebirge, im Himmel','4W4',30,123);
INSERT INTO "monster_monster" VALUES(124,'Master-Death-Eye',29,0.8,25,'Weideflchen bei Gewitter','2W8',2.5,124);
INSERT INTO "monster_monster" VALUES(125,'Mega-Hard-Bomb',45,0.07,30,'Unbekannt','3W6',0.2,125);
INSERT INTO "monster_monster" VALUES(126,'Mini-Bomb',14,0.15,10,'Weideflchen und Wiesen','1W6',1,126);
INSERT INTO "monster_monster" VALUES(127,'Mini-Ghost',18,0.5,15,'Dunkle Wlder','2W6',0.005,127);
INSERT INTO "monster_monster" VALUES(128,'Mini-Nitro-Bomb',6,0.08,10,'Weideflchen, Wlder','1W6',0.8,128);
INSERT INTO "monster_monster" VALUES(129,'Minischattentot',1,0.002,5,'Friedhfe, dunkle Wlder','1W2',0.001,129);
INSERT INTO "monster_monster" VALUES(130,'Mini-Time-Bomb',10,0.12,8,'Weideflchen, Wiesen','1W4',0.4,130);
INSERT INTO "monster_monster" VALUES(131,'Mbia',33,0.003,25,'Nhrstoffarme Bden, unhygienische Gebude','2W6',0.008,131);
INSERT INTO "monster_monster" VALUES(132,'Musicerror',41,1.1,35,'Wlder in Stadtnhe','2W10',35,132);
INSERT INTO "monster_monster" VALUES(133,'Muterto',43,1.8,40,'Gebirge, im Himmel','3W8',55,133);
INSERT INTO "monster_monster" VALUES(134,'Nagger',6,0.25,5,'Finstere Orte','1W2',0.02,134);
INSERT INTO "monster_monster" VALUES(135,'Nekro',2,0.5,20,'Wlder','1W4',64,135);
INSERT INTO "monster_monster" VALUES(136,'Nektit',63,2.2,50,'Kalte Hhlen','3W8+1W4',85,136);
INSERT INTO "monster_monster" VALUES(137,'Orbres',32,2.8,30,'Gebirge','3W6',175,137);
INSERT INTO "monster_monster" VALUES(138,'Para-Fleck',23,0.03,12,'Unbekannt','1W6',0.002,138);
INSERT INTO "monster_monster" VALUES(139,'Pilz-Boss',42,3.5,40,'Wlder, Waldrnder','3W8',120,139);
INSERT INTO "monster_monster" VALUES(140,'Pilzerscheinung',40,0.3,30,'Dunkle Wlder','2W12',0.002,140);
INSERT INTO "monster_monster" VALUES(141,'Pilzly',2,0.07,3,'Wlder','1W2',0.02,141);
INSERT INTO "monster_monster" VALUES(142,'Pilztot',21,1,15,'Unbekannt','2W4',0.5,142);
INSERT INTO "monster_monster" VALUES(143,'Plasmo',4,0.8,5,'Unbewachsene Gebirge','1W4',12,143);
INSERT INTO "monster_monster" VALUES(144,'Plattpilz',1,0.02,3,'Wlder und Waldrnder','1W2',0.01,144);
INSERT INTO "monster_monster" VALUES(145,'Plaxor',42,0.5,30,'Gebirge','4W6',25,145);
INSERT INTO "monster_monster" VALUES(146,'Plaxor-Boss',71,0.8,50,'Gebirgsgipfel','6W6',45,146);
INSERT INTO "monster_monster" VALUES(147,'Polegon',18,0.7,15,'Hhlen, ruhige Waldgebiete','1W4+1W6',25,147);
INSERT INTO "monster_monster" VALUES(148,'Pruddel',9,0.2,7,'Wiesen, Weideflchen','1W6',3,148);
INSERT INTO "monster_monster" VALUES(149,'Puf Pilz',4,0.06,5,'Wlder','1W2',0.02,149);
INSERT INTO "monster_monster" VALUES(150,'Puror',78,1.4,60,'Unbekannt','3W8',45,150);
INSERT INTO "monster_monster" VALUES(151,'Quottra',15,0.2,10,'Im Wasser in Strandnhe, Riffs','1W8',1,151);
INSERT INTO "monster_monster" VALUES(152,'Rador Kfer',28,0.08,20,'Waldbden','2W6',0.07,152);
INSERT INTO "monster_monster" VALUES(153,'Rock Boss',50,3,80,'Gebirgszge','4W10',600,153);
INSERT INTO "monster_monster" VALUES(154,'Rock',29,1,40,'Gebirge','3W8',220,154);
INSERT INTO "monster_monster" VALUES(155,'Roll Rock',35,0.7,30,'Hhere, kahle Berge','2W12',70,155);
INSERT INTO "monster_monster" VALUES(156,'Sadur',12,0.15,8,'Hhlen, felsige Wlder','1W6',0.9,156);
INSERT INTO "monster_monster" VALUES(157,'Salachit',42,0.5,30,'Hhlen','3W6',15,157);
INSERT INTO "monster_monster" VALUES(158,'Schattentot',40,0.6,30,'berall bei Dunkelheit','2W10',0.005,158);
INSERT INTO "monster_monster" VALUES(159,'Schattentot-Boss',97,1.5,80,'Unbekannt','4W10',0.01,159);
INSERT INTO "monster_monster" VALUES(160,'Schattentot-Zerquetscher',28,0.8,30,'In der Nhe von Schattentoten','2W10',80,160);
INSERT INTO "monster_monster" VALUES(161,'Schicksal',325,2,240,'Unbekannt','4W20',85,161);
INSERT INTO "monster_monster" VALUES(162,'Schlicko',8,0.25,5,'In warmen Gewssern.','1W6',0.4,162);
INSERT INTO "monster_monster" VALUES(163,'Schlingpflanze',4,0.2,3,'In flachen, trben Gewssern','1W2',0.3,163);
INSERT INTO "monster_monster" VALUES(164,'Schlorgo',17,0.5,12,'In warmen Gewssern','2W4',1.5,164);
INSERT INTO "monster_monster" VALUES(165,'Schlukul',19,0.8,20,'Fabriken, verschmutzte Flussufer','2W6',60,165);
INSERT INTO "monster_monster" VALUES(166,'Schlukul-Boss',43,3.5,40,'Unbekannt','3W8',155,166);
INSERT INTO "monster_monster" VALUES(167,'Schlurby',7,0.15,5,'Im Himmel','1W4',0.05,167);
INSERT INTO "monster_monster" VALUES(168,'Schmuddo',255,2.5,150,'In der Nhe von Elektrizittswerken','3W20',175,168);
INSERT INTO "monster_monster" VALUES(169,'Schmuddo-Boss',450,5,250,'Unbekannt','5W20',340,169);
INSERT INTO "monster_monster" VALUES(170,'Schnapp-Kfer',9,0.05,5,'Wlder, Waldrnder','1W4',0.003,170);
INSERT INTO "monster_monster" VALUES(171,'Sedor',14,0.2,10,'Waldrnder','2W4',2,171);
INSERT INTO "monster_monster" VALUES(172,'Sepigant',175,8,120,'Auf hoher See','5W12',450,172);
INSERT INTO "monster_monster" VALUES(173,'Shadow',7,0.8,10,'Oft in Gebuden','1W6',0.002,173);
INSERT INTO "monster_monster" VALUES(174,'Shadow-Boss',18,2,20,'Unbekannt','2W6',0.002,174);
INSERT INTO "monster_monster" VALUES(175,'Slorg',85,0.4,50,'Unbekannt','2W12',0.002,175);
INSERT INTO "monster_monster" VALUES(176,'Slotty',5,0.7,1,'Unbekannt','1W2',15,176);
INSERT INTO "monster_monster" VALUES(177,'Sly',11,0.4,8,'Im Himmel, oft in Stadtnhe','1W4',0.1,177);
INSERT INTO "monster_monster" VALUES(178,'Small Beatly',6,0.08,5,'Wlder, Waldrnder, Gebude','1W3',0.02,178);
INSERT INTO "monster_monster" VALUES(179,'Snappy',3,0.07,2,'Waldbden','1W2',0.007,179);
INSERT INTO "monster_monster" VALUES(180,'Sorgul',26,0.35,20,'Im Himmel, in Wldern','1W4+1W6',0.6,180);
INSERT INTO "monster_monster" VALUES(181,'Soulbreaker',43,1,30,'Unbekannt','2W8',10,181);
INSERT INTO "monster_monster" VALUES(182,'Spike-Fire-Boss',38,1,40,'Unbekannt','2W10',120,182);
INSERT INTO "monster_monster" VALUES(183,'Spiketronic',36,0.9,30,'Grten, Parks','2W6+1W4',32,183);
INSERT INTO "monster_monster" VALUES(184,'Spiky',18,0.25,10,'In Stadtnhe','1W8',1.5,184);
INSERT INTO "monster_monster" VALUES(185,'Spiky-Boss',38,2,40,'Unbekannt','2W10',120,185);
INSERT INTO "monster_monster" VALUES(186,'Stachibotrys',16,0.8,100,'Unbekannt.','2W20',20,186);
INSERT INTO "monster_monster" VALUES(187,'Starron',91,2.2,80,'Unbekannt','3W8+1W6',35,187);
INSERT INTO "monster_monster" VALUES(188,'Stopper',1,1,20,'Waldrnder, Wiesen, Parks, Grten, Weideflchen','2W6',10,188);
INSERT INTO "monster_monster" VALUES(189,'Stopper-Boss',53,3,80,'Wlder, Waldrnder, Lichtungen','3W10',250,189);
INSERT INTO "monster_monster" VALUES(190,'Strafe',525,2,300,'Unbekannt','6W20',80,190);
INSERT INTO "monster_monster" VALUES(191,'Strokon',71,0.5,50,'Unbekannt','3W12',0.002,191);
INSERT INTO "monster_monster" VALUES(192,'Sucht',360,1.2,200,'Unbekannt','3W20',2.5,192);
INSERT INTO "monster_monster" VALUES(193,'Suck',6,0.15,4,'Gebirge, im Himmel','1W2',0.2,193);
INSERT INTO "monster_monster" VALUES(194,'Snde',390,0.9,200,'Unbekannt','3W20',0.5,194);
INSERT INTO "monster_monster" VALUES(195,'Sunmoon',5,0.2,5,'Umlaufbahn des Goren','1W6',5,195);
INSERT INTO "monster_monster" VALUES(196,'Tanflon',161,2,200,'Unbekannt','4W20',250,196);
INSERT INTO "monster_monster" VALUES(197,'Trank-Boss',47,1.8,50,'Unbekannt','4W8',40,197);
INSERT INTO "monster_monster" VALUES(198,'Trill-Boss',20,1.5,30,'Unbekannt','2W10',25,198);
INSERT INTO "monster_monster" VALUES(199,'Trilly',1,0.03,1,'In Kellern, Kanalisation','1W2',0.005,199);
INSERT INTO "monster_monster" VALUES(200,'Trolli',9,0.4,5,'Dunkle, kalte und zugestellte Rume','1W6',0.3,200);
INSERT INTO "monster_monster" VALUES(201,'Trully',5,0.08,3,'Keller, alte Lagerrume','1W2',0.02,201);
INSERT INTO "monster_monster" VALUES(202,'TV-Monster',32,0.7,20,'In Bildschirmen','2W8',20,202);
INSERT INTO "monster_monster" VALUES(203,'Unheilsgott',350000,0,2000,'Unbekannt','5W100',0,203);
INSERT INTO "monster_monster" VALUES(204,'Unsoul-Killer',98,1.2,100,'Unbekannt','3W20',0.001,204);
INSERT INTO "monster_monster" VALUES(205,'Urly',4,0.2,4,'In hellen Wldern, Parks, Grten','1W4',0.03,205);
INSERT INTO "monster_monster" VALUES(206,'Verdamnis',450,1.1,200,'Unbekannt','3W20',0.05,206);
INSERT INTO "monster_monster" VALUES(207,'Verderben',240,1.1,140,'Unbekannt','4W12',0.03,207);
INSERT INTO "monster_monster" VALUES(208,'Verlockung',150,0.9,100,'Unbekannt','4W12',0.01,208);
INSERT INTO "monster_monster" VALUES(209,'Volta-Schock',93,1.8,80,'In Gewitterzellen','3W12',14,209);
INSERT INTO "monster_monster" VALUES(210,'Widy',4,1,2,'Im Krper vieler Leute','1W2',0.2,210);
INSERT INTO "monster_monster" VALUES(211,'Wisher For Us',1,0.2,3,'Unbekannt','1W4',0.1,211);
INSERT INTO "monster_monster" VALUES(212,'Wizzle',25,0.3,20,'berall','2W8',10,212);
INSERT INTO "monster_monster" VALUES(213,'Wonsy',8,0.25,5,'Grten, Parks','1W6',0.1,213);
INSERT INTO "monster_monster" VALUES(214,'Wormy',11,0.8,10,'In sandigem Erdboden','2W4',1,214);
INSERT INTO "monster_monster" VALUES(215,'Woyly',42,2,60,'In Gebirgeszgen','3W8',800,215);
INSERT INTO "monster_monster" VALUES(216,'Wunschbombe',1,0.12,1,'Unbekannt','1W2',0.5,216);
INSERT INTO "monster_monster" VALUES(217,'Wunschpilz',30,0.25,10,'Wlder','1W8',1,217);
INSERT INTO "monster_monster" VALUES(218,'Wutalis 2',68,2,50,'Wsten, Savannen','3W8',50,218);
INSERT INTO "monster_monster" VALUES(219,'Wutalis',25,1.5,30,'Weideflchen, Waldrnder','2W8+1W4',20,219);
INSERT INTO "monster_monster" VALUES(220,'Wutalis-Boss',91,2,75,'Unbekannt','3W12',45,220);
INSERT INTO "monster_monster" VALUES(221,'Xantur',14,0.4,20,'Hhlen','2W8',80,221);
INSERT INTO "monster_monster" VALUES(222,'Xectror',32,0.4,25,'Hhlen, Gebirge','3W6',90,222);
INSERT INTO "monster_monster" VALUES(223,'Yagger',12,0.9,10,'Wlder mit viel Gestrpp','1W6',15,223);
INSERT INTO "monster_monster" VALUES(224,'Zahnadur',37,0.6,30,'Unbekannt','3W8',20,224);
INSERT INTO "monster_monster" VALUES(225,'Zedur',45,0.5,30,'Gebirge','3W8',15,225);
INSERT INTO "monster_monster" VALUES(226,'Zellur',27,0.2,15,'In radioaktiv verseuchten Gegenden','2W6',2,226);
INSERT INTO "monster_monster" VALUES(227,'Zelly',36,0.5,25,'Fabriken, verschmutzte Gegenden','2W10',4,227);
INSERT INTO "monster_monster" VALUES(228,'Zircolorondur',66,0.6,70,'Unbekannt','4W8',15,228);
INSERT INTO "monster_monster" VALUES(229,'Zwitronin',39,1.2,35,'Gebirge','2W6+2W8',15,229);
DELETE FROM sqlite_sequence;
INSERT INTO "sqlite_sequence" VALUES('monster_monster_attacken',828);
INSERT INTO "sqlite_sequence" VALUES('monster_typ',23);
INSERT INTO "sqlite_sequence" VALUES('monster_typ_effektiv_gegen',60);
INSERT INTO "sqlite_sequence" VALUES('monster_typ_schwach_gegen',63);
INSERT INTO "sqlite_sequence" VALUES('monster_monster_typen',435);
INSERT INTO "sqlite_sequence" VALUES('monster_attacke',137);
INSERT INTO "sqlite_sequence" VALUES('monster_attacke_typen',164);
INSERT INTO "sqlite_sequence" VALUES('monster_typ_wirkungslos_gegen',33);
CREATE UNIQUE INDEX monster_monster_attacken_monster_id_attacke_id_31236f4f_uniq ON "monster_monster_attacken" ("monster_id", "attacke_id");
CREATE INDEX "monster_monster_attacken_monster_id_a72925cd" ON "monster_monster_attacken" ("monster_id");
CREATE INDEX "monster_monster_attacken_attacke_id_a4f57f4d" ON "monster_monster_attacken" ("attacke_id");
CREATE UNIQUE INDEX monster_typ_effektiv_gegen_from_typ_id_to_typ_id_3a7862a0_uniq ON "monster_typ_effektiv_gegen" ("from_typ_id", "to_typ_id");
CREATE INDEX "monster_typ_effektiv_gegen_from_typ_id_0661100a" ON "monster_typ_effektiv_gegen" ("from_typ_id");
CREATE INDEX "monster_typ_effektiv_gegen_to_typ_id_b96327c5" ON "monster_typ_effektiv_gegen" ("to_typ_id");
CREATE UNIQUE INDEX monster_typ_schwach_gegen_from_typ_id_to_typ_id_b4c047ea_uniq ON "monster_typ_schwach_gegen" ("from_typ_id", "to_typ_id");
CREATE INDEX "monster_typ_schwach_gegen_from_typ_id_6595c333" ON "monster_typ_schwach_gegen" ("from_typ_id");
CREATE INDEX "monster_typ_schwach_gegen_to_typ_id_27ee5b1f" ON "monster_typ_schwach_gegen" ("to_typ_id");
CREATE UNIQUE INDEX monster_monster_typen_monster_id_typ_id_496d5e3c_uniq ON "monster_monster_typen" ("monster_id", "typ_id");
CREATE INDEX "monster_monster_typen_monster_id_6cdaabb3" ON "monster_monster_typen" ("monster_id");
CREATE INDEX "monster_monster_typen_typ_id_e4599e01" ON "monster_monster_typen" ("typ_id");
CREATE UNIQUE INDEX monster_attacke_typen_attacke_id_typ_id_0b1c8cf5_uniq ON "monster_attacke_typen" ("attacke_id", "typ_id");
CREATE INDEX "monster_attacke_typen_attacke_id_b269311d" ON "monster_attacke_typen" ("attacke_id");
CREATE INDEX "monster_attacke_typen_typ_id_91a927ff" ON "monster_attacke_typen" ("typ_id");
CREATE UNIQUE INDEX monster_typ_wirkungslos_gegen_from_typ_id_to_typ_id_cae1450a_uniq ON "monster_typ_wirkungslos_gegen" ("from_typ_id", "to_typ_id");
CREATE INDEX "monster_typ_wirkungslos_gegen_from_typ_id_4b0aa85d" ON "monster_typ_wirkungslos_gegen" ("from_typ_id");
CREATE INDEX "monster_typ_wirkungslos_gegen_to_typ_id_980fc731" ON "monster_typ_wirkungslos_gegen" ("to_typ_id");
COMMIT;
